2025-11-12 23:26:15.775 | INFO     | __main__:main:30 - Starting Volleyball Action Annotator
2025-11-12 23:26:15.874 | INFO     | ui.main_window:__init__:61 - Application initialized
2025-11-12 23:26:37.951 | INFO     | core.video_processor:__init__:40 - Video loaded: /home/projects/www/vb-soft/vk-upload/output.mp4 | Resolution: 1920x1080 | FPS: 29.97 | Frames: 30600 | Duration: 1021.02s
2025-11-12 23:26:38.010 | INFO     | ui.main_window:load_video:277 - Video loaded successfully: /home/projects/www/vb-soft/vk-upload/output.mp4
2025-11-12 23:26:47.911 | DEBUG    | core.annotation_manager:add_yolo_box:163 - Box added to frame 9: class=0
2025-11-12 23:26:47.911 | DEBUG    | ui.main_window:on_box_added:448 - Box added: (0, 0.6364460562103355, 0.6112903225806452, 0.014505893019038985, 0.1935483870967742)
2025-11-12 23:27:01.399 | DEBUG    | core.annotation_manager:add_yolo_box:163 - Box added to frame 9: class=0
2025-11-12 23:27:01.400 | DEBUG    | ui.main_window:on_box_added:448 - Box added: (0, 0.30326382592928375, 0.5774193548387097, 0.033544877606527655, 0.25483870967741934)
2025-11-12 23:27:29.801 | DEBUG    | core.video_processor:_evict_cache_if_needed:53 - Evicted frame 0 from cache
2025-11-12 23:27:29.896 | DEBUG    | core.video_processor:_evict_cache_if_needed:53 - Evicted frame 1 from cache
2025-11-12 23:27:29.991 | DEBUG    | core.video_processor:_evict_cache_if_needed:53 - Evicted frame 2 from cache
2025-11-12 23:27:30.088 | DEBUG    | core.video_processor:_evict_cache_if_needed:53 - Evicted frame 3 from cache
2025-11-12 23:27:31.883 | DEBUG    | core.video_processor:_evict_cache_if_needed:53 - Evicted frame 4 from cache
2025-11-12 23:27:31.980 | DEBUG    | core.video_processor:_evict_cache_if_needed:53 - Evicted frame 5 from cache
2025-11-12 23:27:32.080 | DEBUG    | core.video_processor:_evict_cache_if_needed:53 - Evicted frame 6 from cache
2025-11-12 23:27:32.179 | DEBUG    | core.video_processor:_evict_cache_if_needed:53 - Evicted frame 7 from cache
2025-11-12 23:27:32.278 | DEBUG    | core.video_processor:_evict_cache_if_needed:53 - Evicted frame 8 from cache
2025-11-12 23:27:32.378 | DEBUG    | core.video_processor:_evict_cache_if_needed:53 - Evicted frame 9 from cache
2025-11-12 23:27:32.476 | DEBUG    | core.video_processor:_evict_cache_if_needed:53 - Evicted frame 10 from cache
2025-11-12 23:27:32.578 | DEBUG    | core.video_processor:_evict_cache_if_needed:53 - Evicted frame 11 from cache
2025-11-12 23:27:39.333 | DEBUG    | core.video_processor:_evict_cache_if_needed:53 - Evicted frame 12 from cache
2025-11-12 23:27:53.597 | DEBUG    | core.video_processor:_evict_cache_if_needed:53 - Evicted frame 13 from cache
2025-11-12 23:27:53.709 | DEBUG    | core.video_processor:_evict_cache_if_needed:53 - Evicted frame 14 from cache
2025-11-12 23:27:53.821 | DEBUG    | core.video_processor:_evict_cache_if_needed:53 - Evicted frame 15 from cache
2025-11-12 23:27:53.932 | DEBUG    | core.video_processor:_evict_cache_if_needed:53 - Evicted frame 16 from cache
2025-11-12 23:27:54.045 | DEBUG    | core.video_processor:_evict_cache_if_needed:53 - Evicted frame 17 from cache
2025-11-12 23:27:54.163 | DEBUG    | core.video_processor:_evict_cache_if_needed:53 - Evicted frame 18 from cache
2025-11-12 23:27:54.280 | DEBUG    | core.video_processor:_evict_cache_if_needed:53 - Evicted frame 19 from cache
2025-11-12 23:27:54.394 | DEBUG    | core.video_processor:_evict_cache_if_needed:53 - Evicted frame 20 from cache
2025-11-12 23:27:54.510 | DEBUG    | core.video_processor:_evict_cache_if_needed:53 - Evicted frame 21 from cache
2025-11-12 23:27:54.626 | DEBUG    | core.video_processor:_evict_cache_if_needed:53 - Evicted frame 22 from cache
2025-11-12 23:27:54.744 | DEBUG    | core.video_processor:_evict_cache_if_needed:53 - Evicted frame 23 from cache
2025-11-12 23:27:54.863 | DEBUG    | core.video_processor:_evict_cache_if_needed:53 - Evicted frame 24 from cache
2025-11-12 23:27:54.982 | DEBUG    | core.video_processor:_evict_cache_if_needed:53 - Evicted frame 25 from cache
2025-11-12 23:27:55.103 | DEBUG    | core.video_processor:_evict_cache_if_needed:53 - Evicted frame 26 from cache
2025-11-12 23:27:55.221 | DEBUG    | core.video_processor:_evict_cache_if_needed:53 - Evicted frame 27 from cache
2025-11-12 23:27:55.340 | DEBUG    | core.video_processor:_evict_cache_if_needed:53 - Evicted frame 28 from cache
2025-11-12 23:27:55.465 | DEBUG    | core.video_processor:_evict_cache_if_needed:53 - Evicted frame 29 from cache
2025-11-12 23:27:55.589 | DEBUG    | core.video_processor:_evict_cache_if_needed:53 - Evicted frame 30 from cache
2025-11-12 23:27:55.711 | DEBUG    | core.video_processor:_evict_cache_if_needed:53 - Evicted frame 31 from cache
2025-11-12 23:27:55.835 | DEBUG    | core.video_processor:_evict_cache_if_needed:53 - Evicted frame 32 from cache
2025-11-12 23:27:55.957 | DEBUG    | core.video_processor:_evict_cache_if_needed:53 - Evicted frame 33 from cache
2025-11-12 23:27:56.084 | DEBUG    | core.video_processor:_evict_cache_if_needed:53 - Evicted frame 34 from cache
2025-11-12 23:27:56.214 | DEBUG    | core.video_processor:_evict_cache_if_needed:53 - Evicted frame 35 from cache
2025-11-12 23:27:56.339 | DEBUG    | core.video_processor:_evict_cache_if_needed:53 - Evicted frame 36 from cache
2025-11-12 23:27:56.467 | DEBUG    | core.video_processor:_evict_cache_if_needed:53 - Evicted frame 37 from cache
2025-11-12 23:27:56.597 | DEBUG    | core.video_processor:_evict_cache_if_needed:53 - Evicted frame 38 from cache
2025-11-12 23:27:56.724 | DEBUG    | core.video_processor:_evict_cache_if_needed:53 - Evicted frame 39 from cache
2025-11-12 23:27:56.851 | DEBUG    | core.video_processor:_evict_cache_if_needed:53 - Evicted frame 40 from cache
2025-11-12 23:27:56.979 | DEBUG    | core.video_processor:_evict_cache_if_needed:53 - Evicted frame 41 from cache
2025-11-12 23:27:57.112 | DEBUG    | core.video_processor:_evict_cache_if_needed:53 - Evicted frame 42 from cache
2025-11-12 23:27:57.242 | DEBUG    | core.video_processor:_evict_cache_if_needed:53 - Evicted frame 43 from cache
2025-11-12 23:27:57.377 | DEBUG    | core.video_processor:_evict_cache_if_needed:53 - Evicted frame 44 from cache
2025-11-12 23:27:57.512 | DEBUG    | core.video_processor:_evict_cache_if_needed:53 - Evicted frame 45 from cache
2025-11-12 23:27:57.645 | DEBUG    | core.video_processor:_evict_cache_if_needed:53 - Evicted frame 46 from cache
2025-11-12 23:27:57.785 | DEBUG    | core.video_processor:_evict_cache_if_needed:53 - Evicted frame 47 from cache
2025-11-12 23:27:57.921 | DEBUG    | core.video_processor:_evict_cache_if_needed:53 - Evicted frame 48 from cache
2025-11-12 23:27:58.055 | DEBUG    | core.video_processor:_evict_cache_if_needed:53 - Evicted frame 49 from cache
2025-11-12 23:27:58.195 | DEBUG    | core.video_processor:_evict_cache_if_needed:53 - Evicted frame 50 from cache
2025-11-12 23:27:58.331 | DEBUG    | core.video_processor:_evict_cache_if_needed:53 - Evicted frame 51 from cache
2025-11-12 23:27:58.469 | DEBUG    | core.video_processor:_evict_cache_if_needed:53 - Evicted frame 52 from cache
2025-11-12 23:27:58.604 | DEBUG    | core.video_processor:_evict_cache_if_needed:53 - Evicted frame 53 from cache
2025-11-12 23:27:58.744 | DEBUG    | core.video_processor:_evict_cache_if_needed:53 - Evicted frame 54 from cache
2025-11-12 23:27:58.885 | DEBUG    | core.video_processor:_evict_cache_if_needed:53 - Evicted frame 55 from cache
2025-11-12 23:27:59.021 | DEBUG    | core.video_processor:_evict_cache_if_needed:53 - Evicted frame 56 from cache
2025-11-12 23:27:59.161 | DEBUG    | core.video_processor:_evict_cache_if_needed:53 - Evicted frame 57 from cache
2025-11-12 23:27:59.307 | DEBUG    | core.video_processor:_evict_cache_if_needed:53 - Evicted frame 58 from cache
2025-11-12 23:27:59.450 | DEBUG    | core.video_processor:_evict_cache_if_needed:53 - Evicted frame 59 from cache
2025-11-12 23:27:59.593 | DEBUG    | core.video_processor:_evict_cache_if_needed:53 - Evicted frame 60 from cache
2025-11-12 23:27:59.738 | DEBUG    | core.video_processor:_evict_cache_if_needed:53 - Evicted frame 61 from cache
2025-11-12 23:27:59.879 | DEBUG    | core.video_processor:_evict_cache_if_needed:53 - Evicted frame 62 from cache
2025-11-12 23:28:00.920 | DEBUG    | core.video_processor:_evict_cache_if_needed:53 - Evicted frame 63 from cache
2025-11-12 23:28:01.063 | DEBUG    | core.video_processor:_evict_cache_if_needed:53 - Evicted frame 64 from cache
2025-11-12 23:28:01.206 | DEBUG    | core.video_processor:_evict_cache_if_needed:53 - Evicted frame 65 from cache
2025-11-12 23:28:01.362 | DEBUG    | core.video_processor:_evict_cache_if_needed:53 - Evicted frame 66 from cache
2025-11-12 23:28:01.535 | DEBUG    | core.video_processor:_evict_cache_if_needed:53 - Evicted frame 67 from cache
2025-11-12 23:28:01.708 | DEBUG    | core.video_processor:_evict_cache_if_needed:53 - Evicted frame 68 from cache
2025-11-12 23:29:09.686 | DEBUG    | core.annotation_manager:add_yolo_box:163 - Box added to frame 167: class=0
2025-11-12 23:29:09.686 | DEBUG    | ui.main_window:on_box_added:448 - Box added: (0, 0.5393192488262911, 0.6414405010438413, 0.03990610328638498, 0.255741127348643)
2025-11-12 23:30:50.746 | DEBUG    | core.annotation_manager:add_yolo_box:163 - Box added to frame 167: class=0
2025-11-12 23:30:50.746 | DEBUG    | ui.main_window:on_box_added:448 - Box added: (0, 0.5202464788732394, 0.6325678496868476, 0.061619718309859156, 0.2609603340292276)
2025-11-12 23:30:55.827 | DEBUG    | core.annotation_manager:add_yolo_box:163 - Box added to frame 167: class=0
2025-11-12 23:30:55.827 | DEBUG    | ui.main_window:on_box_added:448 - Box added: (0, 0.35269953051643194, 0.5720250521920668, 0.04107981220657277, 0.25260960334029225)
2025-11-12 23:31:32.750 | INFO     | core.annotation_manager:start_action:38 - Action started: Serve at frame 167
2025-11-12 23:31:42.083 | DEBUG    | core.video_processor:_evict_cache_if_needed:53 - Evicted frame 69 from cache
2025-11-12 23:31:42.226 | DEBUG    | core.video_processor:_evict_cache_if_needed:53 - Evicted frame 70 from cache
2025-11-12 23:31:42.369 | DEBUG    | core.video_processor:_evict_cache_if_needed:53 - Evicted frame 71 from cache
2025-11-12 23:31:42.514 | DEBUG    | core.video_processor:_evict_cache_if_needed:53 - Evicted frame 72 from cache
2025-11-12 23:31:42.660 | DEBUG    | core.video_processor:_evict_cache_if_needed:53 - Evicted frame 73 from cache
2025-11-12 23:31:44.571 | INFO     | core.annotation_manager:end_action:74 - Action completed: Serve | Frames 167-173 | Duration: 0.20s
2025-11-12 23:31:57.771 | DEBUG    | core.video_processor:_evict_cache_if_needed:53 - Evicted frame 74 from cache
2025-11-12 23:31:57.916 | DEBUG    | core.video_processor:_evict_cache_if_needed:53 - Evicted frame 75 from cache
2025-11-12 23:31:58.063 | DEBUG    | core.video_processor:_evict_cache_if_needed:53 - Evicted frame 76 from cache
2025-11-12 23:31:58.214 | DEBUG    | core.video_processor:_evict_cache_if_needed:53 - Evicted frame 77 from cache
2025-11-12 23:31:58.364 | DEBUG    | core.video_processor:_evict_cache_if_needed:53 - Evicted frame 78 from cache
2025-11-12 23:31:58.508 | DEBUG    | core.video_processor:_evict_cache_if_needed:53 - Evicted frame 79 from cache
2025-11-12 23:31:58.662 | DEBUG    | core.video_processor:_evict_cache_if_needed:53 - Evicted frame 80 from cache
2025-11-12 23:31:58.811 | DEBUG    | core.video_processor:_evict_cache_if_needed:53 - Evicted frame 81 from cache
2025-11-12 23:31:58.961 | DEBUG    | core.video_processor:_evict_cache_if_needed:53 - Evicted frame 82 from cache
2025-11-12 23:31:59.120 | DEBUG    | core.video_processor:_evict_cache_if_needed:53 - Evicted frame 83 from cache
2025-11-12 23:31:59.271 | DEBUG    | core.video_processor:_evict_cache_if_needed:53 - Evicted frame 84 from cache
2025-11-12 23:31:59.427 | DEBUG    | core.video_processor:_evict_cache_if_needed:53 - Evicted frame 85 from cache
2025-11-12 23:31:59.583 | DEBUG    | core.video_processor:_evict_cache_if_needed:53 - Evicted frame 86 from cache
2025-11-12 23:31:59.734 | DEBUG    | core.video_processor:_evict_cache_if_needed:53 - Evicted frame 87 from cache
2025-11-12 23:32:00.567 | DEBUG    | core.video_processor:_evict_cache_if_needed:53 - Evicted frame 88 from cache
2025-11-12 23:32:00.720 | DEBUG    | core.video_processor:_evict_cache_if_needed:53 - Evicted frame 89 from cache
2025-11-12 23:32:00.882 | DEBUG    | core.video_processor:_evict_cache_if_needed:53 - Evicted frame 90 from cache
2025-11-12 23:32:01.037 | DEBUG    | core.video_processor:_evict_cache_if_needed:53 - Evicted frame 91 from cache
2025-11-12 23:32:01.197 | DEBUG    | core.video_processor:_evict_cache_if_needed:53 - Evicted frame 92 from cache
2025-11-12 23:32:01.356 | DEBUG    | core.video_processor:_evict_cache_if_needed:53 - Evicted frame 93 from cache
2025-11-12 23:32:01.515 | DEBUG    | core.video_processor:_evict_cache_if_needed:53 - Evicted frame 94 from cache
2025-11-12 23:32:01.698 | DEBUG    | core.video_processor:_evict_cache_if_needed:53 - Evicted frame 95 from cache
2025-11-12 23:32:01.861 | DEBUG    | core.video_processor:_evict_cache_if_needed:53 - Evicted frame 96 from cache
2025-11-12 23:32:02.020 | DEBUG    | core.video_processor:_evict_cache_if_needed:53 - Evicted frame 97 from cache
2025-11-12 23:32:02.187 | DEBUG    | core.video_processor:_evict_cache_if_needed:53 - Evicted frame 98 from cache
2025-11-12 23:32:02.353 | DEBUG    | core.video_processor:_evict_cache_if_needed:53 - Evicted frame 99 from cache
2025-11-12 23:32:02.516 | DEBUG    | core.video_processor:_evict_cache_if_needed:53 - Evicted frame 100 from cache
2025-11-12 23:32:02.677 | DEBUG    | core.video_processor:_evict_cache_if_needed:53 - Evicted frame 101 from cache
2025-11-12 23:32:02.844 | DEBUG    | core.video_processor:_evict_cache_if_needed:53 - Evicted frame 102 from cache
2025-11-12 23:32:03.012 | DEBUG    | core.video_processor:_evict_cache_if_needed:53 - Evicted frame 103 from cache
2025-11-12 23:32:03.182 | DEBUG    | core.video_processor:_evict_cache_if_needed:53 - Evicted frame 104 from cache
2025-11-12 23:32:03.345 | DEBUG    | core.video_processor:_evict_cache_if_needed:53 - Evicted frame 105 from cache
2025-11-12 23:32:03.509 | DEBUG    | core.video_processor:_evict_cache_if_needed:53 - Evicted frame 106 from cache
2025-11-12 23:32:03.680 | DEBUG    | core.video_processor:_evict_cache_if_needed:53 - Evicted frame 107 from cache
2025-11-12 23:32:03.846 | DEBUG    | core.video_processor:_evict_cache_if_needed:53 - Evicted frame 108 from cache
2025-11-12 23:32:04.018 | DEBUG    | core.video_processor:_evict_cache_if_needed:53 - Evicted frame 109 from cache
2025-11-12 23:32:04.199 | DEBUG    | core.video_processor:_evict_cache_if_needed:53 - Evicted frame 110 from cache
2025-11-12 23:32:04.377 | DEBUG    | core.video_processor:_evict_cache_if_needed:53 - Evicted frame 111 from cache
2025-11-12 23:32:04.548 | DEBUG    | core.video_processor:_evict_cache_if_needed:53 - Evicted frame 112 from cache
2025-11-12 23:32:04.721 | DEBUG    | core.video_processor:_evict_cache_if_needed:53 - Evicted frame 113 from cache
2025-11-12 23:32:04.898 | DEBUG    | core.video_processor:_evict_cache_if_needed:53 - Evicted frame 114 from cache
2025-11-12 23:32:05.074 | DEBUG    | core.video_processor:_evict_cache_if_needed:53 - Evicted frame 115 from cache
2025-11-12 23:32:05.247 | DEBUG    | core.video_processor:_evict_cache_if_needed:53 - Evicted frame 116 from cache
2025-11-12 23:32:05.422 | DEBUG    | core.video_processor:_evict_cache_if_needed:53 - Evicted frame 117 from cache
2025-11-12 23:32:05.597 | DEBUG    | core.video_processor:_evict_cache_if_needed:53 - Evicted frame 118 from cache
2025-11-12 23:32:05.771 | DEBUG    | core.video_processor:_evict_cache_if_needed:53 - Evicted frame 119 from cache
2025-11-12 23:32:05.947 | DEBUG    | core.video_processor:_evict_cache_if_needed:53 - Evicted frame 120 from cache
2025-11-12 23:32:06.130 | DEBUG    | core.video_processor:_evict_cache_if_needed:53 - Evicted frame 121 from cache
2025-11-12 23:32:06.315 | DEBUG    | core.video_processor:_evict_cache_if_needed:53 - Evicted frame 122 from cache
2025-11-12 23:32:06.493 | DEBUG    | core.video_processor:_evict_cache_if_needed:53 - Evicted frame 123 from cache
2025-11-12 23:32:12.985 | INFO     | core.annotation_manager:start_action:38 - Action started: Reception at frame 223
2025-11-12 23:32:14.443 | DEBUG    | core.video_processor:_evict_cache_if_needed:53 - Evicted frame 124 from cache
2025-11-12 23:32:14.627 | DEBUG    | core.video_processor:_evict_cache_if_needed:53 - Evicted frame 125 from cache
2025-11-12 23:32:14.807 | DEBUG    | core.video_processor:_evict_cache_if_needed:53 - Evicted frame 126 from cache
2025-11-12 23:32:14.987 | DEBUG    | core.video_processor:_evict_cache_if_needed:53 - Evicted frame 127 from cache
2025-11-12 23:32:15.192 | DEBUG    | core.video_processor:_evict_cache_if_needed:53 - Evicted frame 128 from cache
2025-11-12 23:32:16.467 | INFO     | core.annotation_manager:end_action:74 - Action completed: Reception | Frames 223-228 | Duration: 0.17s
2025-11-12 23:32:19.627 | DEBUG    | core.video_processor:_evict_cache_if_needed:53 - Evicted frame 129 from cache
2025-11-12 23:32:19.813 | DEBUG    | core.video_processor:_evict_cache_if_needed:53 - Evicted frame 130 from cache
2025-11-12 23:32:19.996 | DEBUG    | core.video_processor:_evict_cache_if_needed:53 - Evicted frame 131 from cache
2025-11-12 23:32:20.188 | DEBUG    | core.video_processor:_evict_cache_if_needed:53 - Evicted frame 132 from cache
2025-11-12 23:32:20.375 | DEBUG    | core.video_processor:_evict_cache_if_needed:53 - Evicted frame 133 from cache
2025-11-12 23:32:20.559 | DEBUG    | core.video_processor:_evict_cache_if_needed:53 - Evicted frame 134 from cache
2025-11-12 23:32:20.743 | DEBUG    | core.video_processor:_evict_cache_if_needed:53 - Evicted frame 135 from cache
2025-11-12 23:32:20.928 | DEBUG    | core.video_processor:_evict_cache_if_needed:53 - Evicted frame 136 from cache
2025-11-12 23:32:21.116 | DEBUG    | core.video_processor:_evict_cache_if_needed:53 - Evicted frame 137 from cache
2025-11-12 23:32:21.311 | DEBUG    | core.video_processor:_evict_cache_if_needed:53 - Evicted frame 138 from cache
2025-11-12 23:32:21.508 | DEBUG    | core.video_processor:_evict_cache_if_needed:53 - Evicted frame 139 from cache
2025-11-12 23:32:21.733 | DEBUG    | core.video_processor:_evict_cache_if_needed:53 - Evicted frame 140 from cache
2025-11-12 23:32:21.955 | DEBUG    | core.video_processor:_evict_cache_if_needed:53 - Evicted frame 141 from cache
2025-11-12 23:32:22.155 | DEBUG    | core.video_processor:_evict_cache_if_needed:53 - Evicted frame 142 from cache
2025-11-12 23:32:22.356 | DEBUG    | core.video_processor:_evict_cache_if_needed:53 - Evicted frame 143 from cache
2025-11-12 23:32:22.586 | DEBUG    | core.video_processor:_evict_cache_if_needed:53 - Evicted frame 144 from cache
2025-11-12 23:32:22.804 | DEBUG    | core.video_processor:_evict_cache_if_needed:53 - Evicted frame 145 from cache
2025-11-12 23:32:23.005 | DEBUG    | core.video_processor:_evict_cache_if_needed:53 - Evicted frame 146 from cache
2025-11-12 23:32:23.209 | DEBUG    | core.video_processor:_evict_cache_if_needed:53 - Evicted frame 147 from cache
2025-11-12 23:32:23.410 | DEBUG    | core.video_processor:_evict_cache_if_needed:53 - Evicted frame 148 from cache
2025-11-12 23:32:23.615 | DEBUG    | core.video_processor:_evict_cache_if_needed:53 - Evicted frame 149 from cache
2025-11-12 23:32:23.836 | DEBUG    | core.video_processor:_evict_cache_if_needed:53 - Evicted frame 150 from cache
2025-11-12 23:32:24.050 | DEBUG    | core.video_processor:_evict_cache_if_needed:53 - Evicted frame 151 from cache
2025-11-12 23:32:24.263 | DEBUG    | core.video_processor:_evict_cache_if_needed:53 - Evicted frame 152 from cache
2025-11-12 23:32:24.476 | DEBUG    | core.video_processor:_evict_cache_if_needed:53 - Evicted frame 153 from cache
2025-11-12 23:32:24.686 | DEBUG    | core.video_processor:_evict_cache_if_needed:53 - Evicted frame 154 from cache
2025-11-12 23:32:24.898 | DEBUG    | core.video_processor:_evict_cache_if_needed:53 - Evicted frame 155 from cache
2025-11-12 23:32:25.108 | DEBUG    | core.video_processor:_evict_cache_if_needed:53 - Evicted frame 156 from cache
2025-11-12 23:32:25.323 | DEBUG    | core.video_processor:_evict_cache_if_needed:53 - Evicted frame 157 from cache
2025-11-12 23:32:25.535 | DEBUG    | core.video_processor:_evict_cache_if_needed:53 - Evicted frame 158 from cache
2025-11-12 23:32:26.892 | DEBUG    | core.video_processor:_evict_cache_if_needed:53 - Evicted frame 159 from cache
2025-11-12 23:32:27.123 | DEBUG    | core.video_processor:_evict_cache_if_needed:53 - Evicted frame 160 from cache
2025-11-12 23:32:27.346 | DEBUG    | core.video_processor:_evict_cache_if_needed:53 - Evicted frame 161 from cache
2025-11-12 23:32:28.305 | DEBUG    | core.video_processor:_evict_cache_if_needed:53 - Evicted frame 162 from cache
2025-11-12 23:32:28.558 | DEBUG    | core.video_processor:_evict_cache_if_needed:53 - Evicted frame 163 from cache
2025-11-12 23:32:28.796 | DEBUG    | core.video_processor:_evict_cache_if_needed:53 - Evicted frame 164 from cache
2025-11-12 23:32:29.378 | DEBUG    | core.video_processor:_evict_cache_if_needed:53 - Evicted frame 165 from cache
2025-11-12 23:32:29.419 | DEBUG    | core.video_processor:_evict_cache_if_needed:53 - Evicted frame 166 from cache
2025-11-12 23:32:29.641 | DEBUG    | core.video_processor:_evict_cache_if_needed:53 - Evicted frame 167 from cache
2025-11-12 23:32:29.913 | DEBUG    | core.video_processor:_evict_cache_if_needed:53 - Evicted frame 168 from cache
2025-11-12 23:32:30.149 | DEBUG    | core.video_processor:_evict_cache_if_needed:53 - Evicted frame 169 from cache
2025-11-12 23:32:30.456 | DEBUG    | core.video_processor:_evict_cache_if_needed:53 - Evicted frame 170 from cache
2025-11-12 23:32:30.910 | DEBUG    | core.video_processor:_evict_cache_if_needed:53 - Evicted frame 171 from cache
2025-11-12 23:32:31.158 | DEBUG    | core.video_processor:_evict_cache_if_needed:53 - Evicted frame 172 from cache
2025-11-12 23:32:31.344 | DEBUG    | core.video_processor:_evict_cache_if_needed:53 - Evicted frame 173 from cache
2025-11-12 23:32:31.853 | DEBUG    | core.video_processor:_evict_cache_if_needed:53 - Evicted frame 174 from cache
2025-11-12 23:32:31.902 | DEBUG    | core.video_processor:_evict_cache_if_needed:53 - Evicted frame 175 from cache
2025-11-12 23:32:31.951 | DEBUG    | core.video_processor:_evict_cache_if_needed:53 - Evicted frame 176 from cache
2025-11-12 23:32:32.001 | DEBUG    | core.video_processor:_evict_cache_if_needed:53 - Evicted frame 177 from cache
2025-11-12 23:32:32.054 | DEBUG    | core.video_processor:_evict_cache_if_needed:53 - Evicted frame 178 from cache
2025-11-12 23:32:32.107 | DEBUG    | core.video_processor:_evict_cache_if_needed:53 - Evicted frame 179 from cache
2025-11-12 23:32:32.158 | DEBUG    | core.video_processor:_evict_cache_if_needed:53 - Evicted frame 180 from cache
2025-11-12 23:32:32.210 | DEBUG    | core.video_processor:_evict_cache_if_needed:53 - Evicted frame 181 from cache
2025-11-12 23:32:32.266 | DEBUG    | core.video_processor:_evict_cache_if_needed:53 - Evicted frame 182 from cache
2025-11-12 23:32:32.323 | DEBUG    | core.video_processor:_evict_cache_if_needed:53 - Evicted frame 183 from cache
2025-11-12 23:32:32.379 | DEBUG    | core.video_processor:_evict_cache_if_needed:53 - Evicted frame 184 from cache
2025-11-12 23:32:32.432 | DEBUG    | core.video_processor:_evict_cache_if_needed:53 - Evicted frame 185 from cache
2025-11-12 23:32:32.486 | DEBUG    | core.video_processor:_evict_cache_if_needed:53 - Evicted frame 186 from cache
2025-11-12 23:32:32.542 | DEBUG    | core.video_processor:_evict_cache_if_needed:53 - Evicted frame 187 from cache
2025-11-12 23:32:32.600 | DEBUG    | core.video_processor:_evict_cache_if_needed:53 - Evicted frame 188 from cache
2025-11-12 23:32:32.659 | DEBUG    | core.video_processor:_evict_cache_if_needed:53 - Evicted frame 189 from cache
2025-11-12 23:32:32.719 | DEBUG    | core.video_processor:_evict_cache_if_needed:53 - Evicted frame 190 from cache
2025-11-12 23:32:32.782 | DEBUG    | core.video_processor:_evict_cache_if_needed:53 - Evicted frame 191 from cache
2025-11-12 23:32:32.842 | DEBUG    | core.video_processor:_evict_cache_if_needed:53 - Evicted frame 192 from cache
2025-11-12 23:32:32.906 | DEBUG    | core.video_processor:_evict_cache_if_needed:53 - Evicted frame 193 from cache
2025-11-12 23:32:32.966 | DEBUG    | core.video_processor:_evict_cache_if_needed:53 - Evicted frame 194 from cache
2025-11-12 23:32:33.028 | DEBUG    | core.video_processor:_evict_cache_if_needed:53 - Evicted frame 195 from cache
2025-11-12 23:32:33.091 | DEBUG    | core.video_processor:_evict_cache_if_needed:53 - Evicted frame 196 from cache
2025-11-12 23:32:33.156 | DEBUG    | core.video_processor:_evict_cache_if_needed:53 - Evicted frame 197 from cache
2025-11-12 23:32:33.218 | DEBUG    | core.video_processor:_evict_cache_if_needed:53 - Evicted frame 198 from cache
2025-11-12 23:32:33.282 | DEBUG    | core.video_processor:_evict_cache_if_needed:53 - Evicted frame 199 from cache
2025-11-12 23:32:33.340 | DEBUG    | core.video_processor:_evict_cache_if_needed:53 - Evicted frame 200 from cache
2025-11-12 23:32:33.408 | DEBUG    | core.video_processor:_evict_cache_if_needed:53 - Evicted frame 201 from cache
2025-11-12 23:32:33.470 | DEBUG    | core.video_processor:_evict_cache_if_needed:53 - Evicted frame 202 from cache
2025-11-12 23:32:33.537 | DEBUG    | core.video_processor:_evict_cache_if_needed:53 - Evicted frame 203 from cache
2025-11-12 23:32:33.597 | DEBUG    | core.video_processor:_evict_cache_if_needed:53 - Evicted frame 204 from cache
2025-11-12 23:32:33.661 | DEBUG    | core.video_processor:_evict_cache_if_needed:53 - Evicted frame 205 from cache
2025-11-12 23:32:33.729 | DEBUG    | core.video_processor:_evict_cache_if_needed:53 - Evicted frame 206 from cache
2025-11-12 23:32:33.793 | DEBUG    | core.video_processor:_evict_cache_if_needed:53 - Evicted frame 207 from cache
2025-11-12 23:32:33.857 | DEBUG    | core.video_processor:_evict_cache_if_needed:53 - Evicted frame 208 from cache
2025-11-12 23:32:33.922 | DEBUG    | core.video_processor:_evict_cache_if_needed:53 - Evicted frame 209 from cache
2025-11-12 23:32:33.993 | DEBUG    | core.video_processor:_evict_cache_if_needed:53 - Evicted frame 210 from cache
2025-11-12 23:32:34.059 | DEBUG    | core.video_processor:_evict_cache_if_needed:53 - Evicted frame 211 from cache
2025-11-12 23:32:34.128 | DEBUG    | core.video_processor:_evict_cache_if_needed:53 - Evicted frame 212 from cache
2025-11-12 23:32:34.198 | DEBUG    | core.video_processor:_evict_cache_if_needed:53 - Evicted frame 213 from cache
2025-11-12 23:32:34.270 | DEBUG    | core.video_processor:_evict_cache_if_needed:53 - Evicted frame 214 from cache
2025-11-12 23:32:34.347 | DEBUG    | core.video_processor:_evict_cache_if_needed:53 - Evicted frame 215 from cache
2025-11-12 23:32:34.416 | DEBUG    | core.video_processor:_evict_cache_if_needed:53 - Evicted frame 216 from cache
2025-11-12 23:32:34.491 | DEBUG    | core.video_processor:_evict_cache_if_needed:53 - Evicted frame 217 from cache
2025-11-12 23:32:34.561 | DEBUG    | core.video_processor:_evict_cache_if_needed:53 - Evicted frame 218 from cache
2025-11-12 23:32:34.630 | DEBUG    | core.video_processor:_evict_cache_if_needed:53 - Evicted frame 219 from cache
2025-11-12 23:32:34.702 | DEBUG    | core.video_processor:_evict_cache_if_needed:53 - Evicted frame 220 from cache
2025-11-12 23:32:34.774 | DEBUG    | core.video_processor:_evict_cache_if_needed:53 - Evicted frame 221 from cache
2025-11-12 23:32:34.851 | DEBUG    | core.video_processor:_evict_cache_if_needed:53 - Evicted frame 222 from cache
2025-11-12 23:32:34.927 | DEBUG    | core.video_processor:_evict_cache_if_needed:53 - Evicted frame 223 from cache
2025-11-12 23:32:35.002 | DEBUG    | core.video_processor:_evict_cache_if_needed:53 - Evicted frame 224 from cache
2025-11-12 23:32:35.076 | DEBUG    | core.video_processor:_evict_cache_if_needed:53 - Evicted frame 225 from cache
2025-11-12 23:32:35.153 | DEBUG    | core.video_processor:_evict_cache_if_needed:53 - Evicted frame 226 from cache
2025-11-12 23:32:35.230 | DEBUG    | core.video_processor:_evict_cache_if_needed:53 - Evicted frame 227 from cache
2025-11-12 23:32:35.312 | DEBUG    | core.video_processor:_evict_cache_if_needed:53 - Evicted frame 228 from cache
2025-11-12 23:32:35.389 | DEBUG    | core.video_processor:_evict_cache_if_needed:53 - Evicted frame 229 from cache
2025-11-12 23:32:35.467 | DEBUG    | core.video_processor:_evict_cache_if_needed:53 - Evicted frame 230 from cache
2025-11-12 23:32:35.548 | DEBUG    | core.video_processor:_evict_cache_if_needed:53 - Evicted frame 231 from cache
2025-11-12 23:32:35.632 | DEBUG    | core.video_processor:_evict_cache_if_needed:53 - Evicted frame 232 from cache
2025-11-12 23:32:35.712 | DEBUG    | core.video_processor:_evict_cache_if_needed:53 - Evicted frame 233 from cache
2025-11-12 23:32:35.795 | DEBUG    | core.video_processor:_evict_cache_if_needed:53 - Evicted frame 234 from cache
2025-11-12 23:32:35.876 | DEBUG    | core.video_processor:_evict_cache_if_needed:53 - Evicted frame 235 from cache
2025-11-12 23:32:35.964 | DEBUG    | core.video_processor:_evict_cache_if_needed:53 - Evicted frame 236 from cache
2025-11-12 23:32:36.046 | DEBUG    | core.video_processor:_evict_cache_if_needed:53 - Evicted frame 237 from cache
2025-11-12 23:32:36.130 | DEBUG    | core.video_processor:_evict_cache_if_needed:53 - Evicted frame 238 from cache
2025-11-12 23:32:36.212 | DEBUG    | core.video_processor:_evict_cache_if_needed:53 - Evicted frame 239 from cache
2025-11-12 23:32:36.298 | DEBUG    | core.video_processor:_evict_cache_if_needed:53 - Evicted frame 240 from cache
2025-11-12 23:32:36.385 | DEBUG    | core.video_processor:_evict_cache_if_needed:53 - Evicted frame 241 from cache
2025-11-12 23:32:36.474 | DEBUG    | core.video_processor:_evict_cache_if_needed:53 - Evicted frame 242 from cache
2025-11-12 23:32:36.561 | DEBUG    | core.video_processor:_evict_cache_if_needed:53 - Evicted frame 243 from cache
2025-11-12 23:32:36.651 | DEBUG    | core.video_processor:_evict_cache_if_needed:53 - Evicted frame 244 from cache
2025-11-12 23:32:36.738 | DEBUG    | core.video_processor:_evict_cache_if_needed:53 - Evicted frame 245 from cache
2025-11-12 23:32:36.824 | DEBUG    | core.video_processor:_evict_cache_if_needed:53 - Evicted frame 246 from cache
2025-11-12 23:32:36.919 | DEBUG    | core.video_processor:_evict_cache_if_needed:53 - Evicted frame 247 from cache
2025-11-12 23:32:37.009 | DEBUG    | core.video_processor:_evict_cache_if_needed:53 - Evicted frame 248 from cache
2025-11-12 23:32:37.098 | DEBUG    | core.video_processor:_evict_cache_if_needed:53 - Evicted frame 249 from cache
2025-11-12 23:32:37.187 | DEBUG    | core.video_processor:_evict_cache_if_needed:53 - Evicted frame 250 from cache
2025-11-12 23:32:37.278 | DEBUG    | core.video_processor:_evict_cache_if_needed:53 - Evicted frame 251 from cache
2025-11-12 23:32:37.373 | DEBUG    | core.video_processor:_evict_cache_if_needed:53 - Evicted frame 252 from cache
2025-11-12 23:32:37.464 | DEBUG    | core.video_processor:_evict_cache_if_needed:53 - Evicted frame 253 from cache
2025-11-12 23:32:37.557 | DEBUG    | core.video_processor:_evict_cache_if_needed:53 - Evicted frame 254 from cache
2025-11-12 23:32:37.653 | DEBUG    | core.video_processor:_evict_cache_if_needed:53 - Evicted frame 255 from cache
2025-11-12 23:32:37.747 | DEBUG    | core.video_processor:_evict_cache_if_needed:53 - Evicted frame 256 from cache
2025-11-12 23:32:37.842 | DEBUG    | core.video_processor:_evict_cache_if_needed:53 - Evicted frame 257 from cache
2025-11-12 23:32:37.939 | DEBUG    | core.video_processor:_evict_cache_if_needed:53 - Evicted frame 258 from cache
2025-11-12 23:32:38.040 | DEBUG    | core.video_processor:_evict_cache_if_needed:53 - Evicted frame 259 from cache
2025-11-12 23:32:38.135 | DEBUG    | core.video_processor:_evict_cache_if_needed:53 - Evicted frame 260 from cache
2025-11-12 23:32:38.241 | DEBUG    | core.video_processor:_evict_cache_if_needed:53 - Evicted frame 261 from cache
2025-11-12 23:32:39.088 | DEBUG    | core.video_processor:_evict_cache_if_needed:53 - Evicted frame 262 from cache
2025-11-12 23:32:39.191 | DEBUG    | core.video_processor:_evict_cache_if_needed:53 - Evicted frame 263 from cache
2025-11-12 23:32:39.297 | DEBUG    | core.video_processor:_evict_cache_if_needed:53 - Evicted frame 264 from cache
2025-11-12 23:32:39.404 | DEBUG    | core.video_processor:_evict_cache_if_needed:53 - Evicted frame 265 from cache
2025-11-12 23:32:39.512 | DEBUG    | core.video_processor:_evict_cache_if_needed:53 - Evicted frame 266 from cache
2025-11-12 23:32:39.616 | DEBUG    | core.video_processor:_evict_cache_if_needed:53 - Evicted frame 267 from cache
2025-11-12 23:32:39.726 | DEBUG    | core.video_processor:_evict_cache_if_needed:53 - Evicted frame 268 from cache
2025-11-12 23:32:39.831 | DEBUG    | core.video_processor:_evict_cache_if_needed:53 - Evicted frame 269 from cache
2025-11-12 23:32:39.939 | DEBUG    | core.video_processor:_evict_cache_if_needed:53 - Evicted frame 270 from cache
2025-11-12 23:32:40.044 | DEBUG    | core.video_processor:_evict_cache_if_needed:53 - Evicted frame 271 from cache
2025-11-12 23:32:40.156 | DEBUG    | core.video_processor:_evict_cache_if_needed:53 - Evicted frame 272 from cache
2025-11-12 23:32:40.264 | DEBUG    | core.video_processor:_evict_cache_if_needed:53 - Evicted frame 273 from cache
2025-11-12 23:32:40.377 | DEBUG    | core.video_processor:_evict_cache_if_needed:53 - Evicted frame 274 from cache
2025-11-12 23:32:40.488 | DEBUG    | core.video_processor:_evict_cache_if_needed:53 - Evicted frame 275 from cache
2025-11-12 23:32:40.598 | DEBUG    | core.video_processor:_evict_cache_if_needed:53 - Evicted frame 276 from cache
2025-11-12 23:32:40.713 | DEBUG    | core.video_processor:_evict_cache_if_needed:53 - Evicted frame 277 from cache
2025-11-12 23:32:40.824 | DEBUG    | core.video_processor:_evict_cache_if_needed:53 - Evicted frame 278 from cache
2025-11-12 23:32:40.934 | DEBUG    | core.video_processor:_evict_cache_if_needed:53 - Evicted frame 279 from cache
2025-11-12 23:32:41.048 | DEBUG    | core.video_processor:_evict_cache_if_needed:53 - Evicted frame 280 from cache
2025-11-12 23:32:41.162 | DEBUG    | core.video_processor:_evict_cache_if_needed:53 - Evicted frame 281 from cache
2025-11-12 23:32:41.275 | DEBUG    | core.video_processor:_evict_cache_if_needed:53 - Evicted frame 282 from cache
2025-11-12 23:32:41.387 | DEBUG    | core.video_processor:_evict_cache_if_needed:53 - Evicted frame 283 from cache
2025-11-12 23:32:41.507 | DEBUG    | core.video_processor:_evict_cache_if_needed:53 - Evicted frame 284 from cache
2025-11-12 23:32:41.623 | DEBUG    | core.video_processor:_evict_cache_if_needed:53 - Evicted frame 285 from cache
2025-11-12 23:32:41.743 | DEBUG    | core.video_processor:_evict_cache_if_needed:53 - Evicted frame 286 from cache
2025-11-12 23:32:41.858 | DEBUG    | core.video_processor:_evict_cache_if_needed:53 - Evicted frame 287 from cache
2025-11-12 23:32:41.979 | DEBUG    | core.video_processor:_evict_cache_if_needed:53 - Evicted frame 288 from cache
2025-11-12 23:32:42.098 | DEBUG    | core.video_processor:_evict_cache_if_needed:53 - Evicted frame 289 from cache
2025-11-12 23:32:42.219 | DEBUG    | core.video_processor:_evict_cache_if_needed:53 - Evicted frame 290 from cache
2025-11-12 23:32:42.358 | DEBUG    | core.video_processor:_evict_cache_if_needed:53 - Evicted frame 291 from cache
2025-11-12 23:32:42.482 | DEBUG    | core.video_processor:_evict_cache_if_needed:53 - Evicted frame 292 from cache
2025-11-12 23:32:42.604 | DEBUG    | core.video_processor:_evict_cache_if_needed:53 - Evicted frame 293 from cache
2025-11-12 23:32:42.748 | DEBUG    | core.video_processor:_evict_cache_if_needed:53 - Evicted frame 294 from cache
2025-11-12 23:32:42.884 | DEBUG    | core.video_processor:_evict_cache_if_needed:53 - Evicted frame 295 from cache
2025-11-12 23:32:43.045 | DEBUG    | core.video_processor:_evict_cache_if_needed:53 - Evicted frame 296 from cache
2025-11-12 23:32:43.180 | DEBUG    | core.video_processor:_evict_cache_if_needed:53 - Evicted frame 297 from cache
2025-11-12 23:32:43.315 | DEBUG    | core.video_processor:_evict_cache_if_needed:53 - Evicted frame 298 from cache
2025-11-12 23:32:43.460 | DEBUG    | core.video_processor:_evict_cache_if_needed:53 - Evicted frame 299 from cache
2025-11-12 23:32:43.608 | DEBUG    | core.video_processor:_evict_cache_if_needed:53 - Evicted frame 300 from cache
2025-11-12 23:32:43.751 | DEBUG    | core.video_processor:_evict_cache_if_needed:53 - Evicted frame 301 from cache
2025-11-12 23:32:43.893 | DEBUG    | core.video_processor:_evict_cache_if_needed:53 - Evicted frame 302 from cache
2025-11-12 23:32:44.037 | DEBUG    | core.video_processor:_evict_cache_if_needed:53 - Evicted frame 303 from cache
2025-11-12 23:32:44.180 | DEBUG    | core.video_processor:_evict_cache_if_needed:53 - Evicted frame 304 from cache
2025-11-12 23:32:44.314 | DEBUG    | core.video_processor:_evict_cache_if_needed:53 - Evicted frame 305 from cache
2025-11-12 23:32:44.440 | DEBUG    | core.video_processor:_evict_cache_if_needed:53 - Evicted frame 306 from cache
2025-11-12 23:32:44.572 | DEBUG    | core.video_processor:_evict_cache_if_needed:53 - Evicted frame 307 from cache
2025-11-12 23:32:44.704 | DEBUG    | core.video_processor:_evict_cache_if_needed:53 - Evicted frame 308 from cache
2025-11-12 23:32:44.838 | DEBUG    | core.video_processor:_evict_cache_if_needed:53 - Evicted frame 309 from cache
2025-11-12 23:32:44.970 | DEBUG    | core.video_processor:_evict_cache_if_needed:53 - Evicted frame 310 from cache
2025-11-12 23:32:45.101 | DEBUG    | core.video_processor:_evict_cache_if_needed:53 - Evicted frame 311 from cache
2025-11-12 23:32:45.237 | DEBUG    | core.video_processor:_evict_cache_if_needed:53 - Evicted frame 312 from cache
2025-11-12 23:32:45.372 | DEBUG    | core.video_processor:_evict_cache_if_needed:53 - Evicted frame 313 from cache
2025-11-12 23:32:45.508 | DEBUG    | core.video_processor:_evict_cache_if_needed:53 - Evicted frame 314 from cache
2025-11-12 23:32:45.646 | DEBUG    | core.video_processor:_evict_cache_if_needed:53 - Evicted frame 315 from cache
2025-11-12 23:32:45.783 | DEBUG    | core.video_processor:_evict_cache_if_needed:53 - Evicted frame 316 from cache
2025-11-12 23:32:45.918 | DEBUG    | core.video_processor:_evict_cache_if_needed:53 - Evicted frame 317 from cache
2025-11-12 23:32:46.058 | DEBUG    | core.video_processor:_evict_cache_if_needed:53 - Evicted frame 318 from cache
2025-11-12 23:32:46.197 | DEBUG    | core.video_processor:_evict_cache_if_needed:53 - Evicted frame 319 from cache
2025-11-12 23:32:46.343 | DEBUG    | core.video_processor:_evict_cache_if_needed:53 - Evicted frame 320 from cache
2025-11-12 23:32:46.481 | DEBUG    | core.video_processor:_evict_cache_if_needed:53 - Evicted frame 321 from cache
2025-11-12 23:32:46.630 | DEBUG    | core.video_processor:_evict_cache_if_needed:53 - Evicted frame 322 from cache
2025-11-12 23:32:46.770 | DEBUG    | core.video_processor:_evict_cache_if_needed:53 - Evicted frame 323 from cache
2025-11-12 23:32:46.916 | DEBUG    | core.video_processor:_evict_cache_if_needed:53 - Evicted frame 324 from cache
2025-11-12 23:32:47.086 | DEBUG    | core.video_processor:_evict_cache_if_needed:53 - Evicted frame 325 from cache
2025-11-12 23:32:47.231 | DEBUG    | core.video_processor:_evict_cache_if_needed:53 - Evicted frame 326 from cache
2025-11-12 23:32:47.381 | DEBUG    | core.video_processor:_evict_cache_if_needed:53 - Evicted frame 327 from cache
2025-11-12 23:32:47.528 | DEBUG    | core.video_processor:_evict_cache_if_needed:53 - Evicted frame 328 from cache
2025-11-12 23:32:47.693 | DEBUG    | core.video_processor:_evict_cache_if_needed:53 - Evicted frame 329 from cache
2025-11-12 23:32:47.840 | DEBUG    | core.video_processor:_evict_cache_if_needed:53 - Evicted frame 330 from cache
2025-11-12 23:32:47.992 | DEBUG    | core.video_processor:_evict_cache_if_needed:53 - Evicted frame 331 from cache
2025-11-12 23:32:48.144 | DEBUG    | core.video_processor:_evict_cache_if_needed:53 - Evicted frame 332 from cache
2025-11-12 23:32:48.294 | DEBUG    | core.video_processor:_evict_cache_if_needed:53 - Evicted frame 333 from cache
2025-11-12 23:32:48.445 | DEBUG    | core.video_processor:_evict_cache_if_needed:53 - Evicted frame 334 from cache
2025-11-12 23:32:48.596 | DEBUG    | core.video_processor:_evict_cache_if_needed:53 - Evicted frame 335 from cache
2025-11-12 23:32:48.746 | DEBUG    | core.video_processor:_evict_cache_if_needed:53 - Evicted frame 336 from cache
2025-11-12 23:32:48.900 | DEBUG    | core.video_processor:_evict_cache_if_needed:53 - Evicted frame 337 from cache
2025-11-12 23:32:49.056 | DEBUG    | core.video_processor:_evict_cache_if_needed:53 - Evicted frame 338 from cache
2025-11-12 23:32:49.210 | DEBUG    | core.video_processor:_evict_cache_if_needed:53 - Evicted frame 339 from cache
2025-11-12 23:32:49.367 | DEBUG    | core.video_processor:_evict_cache_if_needed:53 - Evicted frame 340 from cache
2025-11-12 23:32:49.523 | DEBUG    | core.video_processor:_evict_cache_if_needed:53 - Evicted frame 341 from cache
2025-11-12 23:32:49.715 | DEBUG    | core.video_processor:_evict_cache_if_needed:53 - Evicted frame 342 from cache
2025-11-12 23:32:49.874 | DEBUG    | core.video_processor:_evict_cache_if_needed:53 - Evicted frame 343 from cache
2025-11-12 23:32:50.032 | DEBUG    | core.video_processor:_evict_cache_if_needed:53 - Evicted frame 344 from cache
2025-11-12 23:32:50.187 | DEBUG    | core.video_processor:_evict_cache_if_needed:53 - Evicted frame 345 from cache
2025-11-12 23:32:50.344 | DEBUG    | core.video_processor:_evict_cache_if_needed:53 - Evicted frame 346 from cache
2025-11-12 23:32:50.500 | DEBUG    | core.video_processor:_evict_cache_if_needed:53 - Evicted frame 347 from cache
2025-11-12 23:32:50.659 | DEBUG    | core.video_processor:_evict_cache_if_needed:53 - Evicted frame 348 from cache
2025-11-12 23:32:50.821 | DEBUG    | core.video_processor:_evict_cache_if_needed:53 - Evicted frame 349 from cache
2025-11-12 23:32:50.984 | DEBUG    | core.video_processor:_evict_cache_if_needed:53 - Evicted frame 350 from cache
2025-11-12 23:32:51.145 | DEBUG    | core.video_processor:_evict_cache_if_needed:53 - Evicted frame 351 from cache
2025-11-12 23:32:51.305 | DEBUG    | core.video_processor:_evict_cache_if_needed:53 - Evicted frame 352 from cache
2025-11-12 23:32:51.475 | DEBUG    | core.video_processor:_evict_cache_if_needed:53 - Evicted frame 353 from cache
2025-11-12 23:32:51.640 | DEBUG    | core.video_processor:_evict_cache_if_needed:53 - Evicted frame 354 from cache
2025-11-12 23:32:51.806 | DEBUG    | core.video_processor:_evict_cache_if_needed:53 - Evicted frame 355 from cache
2025-11-12 23:32:51.971 | DEBUG    | core.video_processor:_evict_cache_if_needed:53 - Evicted frame 356 from cache
2025-11-12 23:32:52.140 | DEBUG    | core.video_processor:_evict_cache_if_needed:53 - Evicted frame 357 from cache
2025-11-12 23:32:52.307 | DEBUG    | core.video_processor:_evict_cache_if_needed:53 - Evicted frame 358 from cache
2025-11-12 23:32:52.478 | DEBUG    | core.video_processor:_evict_cache_if_needed:53 - Evicted frame 359 from cache
2025-11-12 23:32:52.643 | DEBUG    | core.video_processor:_evict_cache_if_needed:53 - Evicted frame 360 from cache
2025-11-12 23:32:52.809 | DEBUG    | core.video_processor:_evict_cache_if_needed:53 - Evicted frame 361 from cache
2025-11-12 23:32:52.981 | DEBUG    | core.video_processor:_evict_cache_if_needed:53 - Evicted frame 362 from cache
2025-11-12 23:32:53.154 | DEBUG    | core.video_processor:_evict_cache_if_needed:53 - Evicted frame 363 from cache
2025-11-12 23:32:53.326 | DEBUG    | core.video_processor:_evict_cache_if_needed:53 - Evicted frame 364 from cache
2025-11-12 23:32:53.502 | DEBUG    | core.video_processor:_evict_cache_if_needed:53 - Evicted frame 365 from cache
2025-11-12 23:32:53.673 | DEBUG    | core.video_processor:_evict_cache_if_needed:53 - Evicted frame 366 from cache
2025-11-12 23:32:53.843 | DEBUG    | core.video_processor:_evict_cache_if_needed:53 - Evicted frame 367 from cache
2025-11-12 23:32:54.016 | DEBUG    | core.video_processor:_evict_cache_if_needed:53 - Evicted frame 368 from cache
2025-11-12 23:32:54.183 | DEBUG    | core.video_processor:_evict_cache_if_needed:53 - Evicted frame 369 from cache
2025-11-12 23:32:54.355 | DEBUG    | core.video_processor:_evict_cache_if_needed:53 - Evicted frame 370 from cache
2025-11-12 23:32:54.530 | DEBUG    | core.video_processor:_evict_cache_if_needed:53 - Evicted frame 371 from cache
2025-11-12 23:32:54.704 | DEBUG    | core.video_processor:_evict_cache_if_needed:53 - Evicted frame 372 from cache
2025-11-12 23:32:54.883 | DEBUG    | core.video_processor:_evict_cache_if_needed:53 - Evicted frame 373 from cache
2025-11-12 23:32:55.057 | DEBUG    | core.video_processor:_evict_cache_if_needed:53 - Evicted frame 374 from cache
2025-11-12 23:32:55.232 | DEBUG    | core.video_processor:_evict_cache_if_needed:53 - Evicted frame 375 from cache
2025-11-12 23:32:55.413 | DEBUG    | core.video_processor:_evict_cache_if_needed:53 - Evicted frame 376 from cache
2025-11-12 23:32:55.595 | DEBUG    | core.video_processor:_evict_cache_if_needed:53 - Evicted frame 377 from cache
2025-11-12 23:32:55.775 | DEBUG    | core.video_processor:_evict_cache_if_needed:53 - Evicted frame 378 from cache
2025-11-12 23:32:55.962 | DEBUG    | core.video_processor:_evict_cache_if_needed:53 - Evicted frame 379 from cache
2025-11-12 23:32:56.141 | DEBUG    | core.video_processor:_evict_cache_if_needed:53 - Evicted frame 380 from cache
2025-11-12 23:32:56.325 | DEBUG    | core.video_processor:_evict_cache_if_needed:53 - Evicted frame 381 from cache
2025-11-12 23:32:56.504 | DEBUG    | core.video_processor:_evict_cache_if_needed:53 - Evicted frame 382 from cache
2025-11-12 23:32:56.684 | DEBUG    | core.video_processor:_evict_cache_if_needed:53 - Evicted frame 383 from cache
2025-11-12 23:32:56.864 | DEBUG    | core.video_processor:_evict_cache_if_needed:53 - Evicted frame 384 from cache
2025-11-12 23:32:57.051 | DEBUG    | core.video_processor:_evict_cache_if_needed:53 - Evicted frame 385 from cache
2025-11-12 23:32:57.239 | DEBUG    | core.video_processor:_evict_cache_if_needed:53 - Evicted frame 386 from cache
2025-11-12 23:32:57.426 | DEBUG    | core.video_processor:_evict_cache_if_needed:53 - Evicted frame 387 from cache
2025-11-12 23:32:57.611 | DEBUG    | core.video_processor:_evict_cache_if_needed:53 - Evicted frame 388 from cache
2025-11-12 23:32:57.794 | DEBUG    | core.video_processor:_evict_cache_if_needed:53 - Evicted frame 389 from cache
2025-11-12 23:32:57.993 | DEBUG    | core.video_processor:_evict_cache_if_needed:53 - Evicted frame 390 from cache
2025-11-12 23:32:58.197 | DEBUG    | core.video_processor:_evict_cache_if_needed:53 - Evicted frame 391 from cache
2025-11-12 23:32:58.392 | DEBUG    | core.video_processor:_evict_cache_if_needed:53 - Evicted frame 392 from cache
2025-11-12 23:32:58.605 | DEBUG    | core.video_processor:_evict_cache_if_needed:53 - Evicted frame 393 from cache
2025-11-12 23:32:58.803 | DEBUG    | core.video_processor:_evict_cache_if_needed:53 - Evicted frame 394 from cache
2025-11-12 23:32:59.005 | DEBUG    | core.video_processor:_evict_cache_if_needed:53 - Evicted frame 395 from cache
2025-11-12 23:32:59.212 | DEBUG    | core.video_processor:_evict_cache_if_needed:53 - Evicted frame 396 from cache
2025-11-12 23:32:59.406 | DEBUG    | core.video_processor:_evict_cache_if_needed:53 - Evicted frame 397 from cache
2025-11-12 23:32:59.606 | DEBUG    | core.video_processor:_evict_cache_if_needed:53 - Evicted frame 398 from cache
2025-11-12 23:32:59.810 | DEBUG    | core.video_processor:_evict_cache_if_needed:53 - Evicted frame 399 from cache
2025-11-12 23:33:00.030 | DEBUG    | core.video_processor:_evict_cache_if_needed:53 - Evicted frame 400 from cache
2025-11-12 23:33:00.242 | DEBUG    | core.video_processor:_evict_cache_if_needed:53 - Evicted frame 401 from cache
2025-11-12 23:33:00.458 | DEBUG    | core.video_processor:_evict_cache_if_needed:53 - Evicted frame 402 from cache
2025-11-12 23:33:00.672 | DEBUG    | core.video_processor:_evict_cache_if_needed:53 - Evicted frame 403 from cache
2025-11-12 23:33:00.886 | DEBUG    | core.video_processor:_evict_cache_if_needed:53 - Evicted frame 404 from cache
2025-11-12 23:33:01.098 | DEBUG    | core.video_processor:_evict_cache_if_needed:53 - Evicted frame 405 from cache
2025-11-12 23:33:01.310 | DEBUG    | core.video_processor:_evict_cache_if_needed:53 - Evicted frame 406 from cache
2025-11-12 23:33:01.523 | DEBUG    | core.video_processor:_evict_cache_if_needed:53 - Evicted frame 407 from cache
2025-11-12 23:33:01.758 | DEBUG    | core.video_processor:_evict_cache_if_needed:53 - Evicted frame 408 from cache
2025-11-12 23:33:01.970 | DEBUG    | core.video_processor:_evict_cache_if_needed:53 - Evicted frame 409 from cache
2025-11-12 23:33:02.191 | DEBUG    | core.video_processor:_evict_cache_if_needed:53 - Evicted frame 410 from cache
2025-11-12 23:33:02.409 | DEBUG    | core.video_processor:_evict_cache_if_needed:53 - Evicted frame 411 from cache
2025-11-12 23:33:02.638 | DEBUG    | core.video_processor:_evict_cache_if_needed:53 - Evicted frame 412 from cache
2025-11-12 23:33:02.851 | DEBUG    | core.video_processor:_evict_cache_if_needed:53 - Evicted frame 413 from cache
2025-11-12 23:33:03.071 | DEBUG    | core.video_processor:_evict_cache_if_needed:53 - Evicted frame 414 from cache
2025-11-12 23:33:03.289 | DEBUG    | core.video_processor:_evict_cache_if_needed:53 - Evicted frame 415 from cache
2025-11-12 23:33:03.334 | DEBUG    | core.video_processor:_evict_cache_if_needed:53 - Evicted frame 416 from cache
2025-11-12 23:33:03.381 | DEBUG    | core.video_processor:_evict_cache_if_needed:53 - Evicted frame 417 from cache
2025-11-12 23:33:03.427 | DEBUG    | core.video_processor:_evict_cache_if_needed:53 - Evicted frame 418 from cache
2025-11-12 23:33:03.477 | DEBUG    | core.video_processor:_evict_cache_if_needed:53 - Evicted frame 419 from cache
2025-11-12 23:33:03.522 | DEBUG    | core.video_processor:_evict_cache_if_needed:53 - Evicted frame 420 from cache
2025-11-12 23:33:03.570 | DEBUG    | core.video_processor:_evict_cache_if_needed:53 - Evicted frame 421 from cache
2025-11-12 23:33:03.622 | DEBUG    | core.video_processor:_evict_cache_if_needed:53 - Evicted frame 422 from cache
2025-11-12 23:33:03.670 | DEBUG    | core.video_processor:_evict_cache_if_needed:53 - Evicted frame 423 from cache
2025-11-12 23:33:03.721 | DEBUG    | core.video_processor:_evict_cache_if_needed:53 - Evicted frame 424 from cache
2025-11-12 23:33:03.770 | DEBUG    | core.video_processor:_evict_cache_if_needed:53 - Evicted frame 425 from cache
2025-11-12 23:33:03.822 | DEBUG    | core.video_processor:_evict_cache_if_needed:53 - Evicted frame 426 from cache
2025-11-12 23:33:03.873 | DEBUG    | core.video_processor:_evict_cache_if_needed:53 - Evicted frame 427 from cache
2025-11-12 23:33:03.927 | DEBUG    | core.video_processor:_evict_cache_if_needed:53 - Evicted frame 428 from cache
2025-11-12 23:33:03.980 | DEBUG    | core.video_processor:_evict_cache_if_needed:53 - Evicted frame 429 from cache
2025-11-12 23:33:04.034 | DEBUG    | core.video_processor:_evict_cache_if_needed:53 - Evicted frame 430 from cache
2025-11-12 23:33:04.087 | DEBUG    | core.video_processor:_evict_cache_if_needed:53 - Evicted frame 431 from cache
2025-11-12 23:33:04.139 | DEBUG    | core.video_processor:_evict_cache_if_needed:53 - Evicted frame 432 from cache
2025-11-12 23:33:04.197 | DEBUG    | core.video_processor:_evict_cache_if_needed:53 - Evicted frame 433 from cache
2025-11-12 23:33:04.252 | DEBUG    | core.video_processor:_evict_cache_if_needed:53 - Evicted frame 434 from cache
2025-11-12 23:33:04.311 | DEBUG    | core.video_processor:_evict_cache_if_needed:53 - Evicted frame 435 from cache
2025-11-12 23:33:04.334 | INFO     | core.annotation_manager:start_action:38 - Action started: Serve at frame 535
2025-11-12 23:33:04.384 | DEBUG    | core.video_processor:_evict_cache_if_needed:53 - Evicted frame 436 from cache
2025-11-12 23:33:04.443 | DEBUG    | core.video_processor:_evict_cache_if_needed:53 - Evicted frame 437 from cache
2025-11-12 23:33:04.501 | DEBUG    | core.video_processor:_evict_cache_if_needed:53 - Evicted frame 438 from cache
2025-11-12 23:33:04.560 | DEBUG    | core.video_processor:_evict_cache_if_needed:53 - Evicted frame 439 from cache
2025-11-12 23:33:04.620 | DEBUG    | core.video_processor:_evict_cache_if_needed:53 - Evicted frame 440 from cache
2025-11-12 23:33:04.684 | DEBUG    | core.video_processor:_evict_cache_if_needed:53 - Evicted frame 441 from cache
2025-11-12 23:33:04.744 | DEBUG    | core.video_processor:_evict_cache_if_needed:53 - Evicted frame 442 from cache
2025-11-12 23:33:04.807 | DEBUG    | core.video_processor:_evict_cache_if_needed:53 - Evicted frame 443 from cache
2025-11-12 23:33:04.874 | DEBUG    | core.video_processor:_evict_cache_if_needed:53 - Evicted frame 444 from cache
2025-11-12 23:33:04.938 | DEBUG    | core.video_processor:_evict_cache_if_needed:53 - Evicted frame 445 from cache
2025-11-12 23:33:05.005 | DEBUG    | core.video_processor:_evict_cache_if_needed:53 - Evicted frame 446 from cache
2025-11-12 23:33:05.070 | DEBUG    | core.video_processor:_evict_cache_if_needed:53 - Evicted frame 447 from cache
2025-11-12 23:33:05.136 | DEBUG    | core.video_processor:_evict_cache_if_needed:53 - Evicted frame 448 from cache
2025-11-12 23:33:05.200 | DEBUG    | core.video_processor:_evict_cache_if_needed:53 - Evicted frame 449 from cache
2025-11-12 23:33:05.269 | DEBUG    | core.video_processor:_evict_cache_if_needed:53 - Evicted frame 450 from cache
2025-11-12 23:33:05.336 | DEBUG    | core.video_processor:_evict_cache_if_needed:53 - Evicted frame 451 from cache
2025-11-12 23:33:05.406 | DEBUG    | core.video_processor:_evict_cache_if_needed:53 - Evicted frame 452 from cache
2025-11-12 23:33:05.476 | DEBUG    | core.video_processor:_evict_cache_if_needed:53 - Evicted frame 453 from cache
2025-11-12 23:33:05.547 | DEBUG    | core.video_processor:_evict_cache_if_needed:53 - Evicted frame 454 from cache
2025-11-12 23:33:05.619 | DEBUG    | core.video_processor:_evict_cache_if_needed:53 - Evicted frame 455 from cache
2025-11-12 23:33:05.693 | DEBUG    | core.video_processor:_evict_cache_if_needed:53 - Evicted frame 456 from cache
2025-11-12 23:33:05.763 | DEBUG    | core.video_processor:_evict_cache_if_needed:53 - Evicted frame 457 from cache
2025-11-12 23:33:05.839 | DEBUG    | core.video_processor:_evict_cache_if_needed:53 - Evicted frame 458 from cache
2025-11-12 23:33:05.913 | DEBUG    | core.video_processor:_evict_cache_if_needed:53 - Evicted frame 459 from cache
2025-11-12 23:33:05.988 | DEBUG    | core.video_processor:_evict_cache_if_needed:53 - Evicted frame 460 from cache
2025-11-12 23:33:06.060 | DEBUG    | core.video_processor:_evict_cache_if_needed:53 - Evicted frame 461 from cache
2025-11-12 23:33:06.136 | DEBUG    | core.video_processor:_evict_cache_if_needed:53 - Evicted frame 462 from cache
2025-11-12 23:33:06.211 | DEBUG    | core.video_processor:_evict_cache_if_needed:53 - Evicted frame 463 from cache
2025-11-12 23:33:06.288 | DEBUG    | core.video_processor:_evict_cache_if_needed:53 - Evicted frame 464 from cache
2025-11-12 23:33:08.036 | INFO     | core.annotation_manager:end_action:74 - Action completed: Serve | Frames 535-564 | Duration: 0.97s
2025-11-12 23:33:37.402 | INFO     | core.annotation_manager:start_action:38 - Action started: Serve at frame 561
2025-11-12 23:34:00.947 | INFO     | core.annotation_manager:export_yolo:215 - YOLO export completed: 2 label files created in /home/projects/www/vb-soft/VAA/labels
2025-11-12 23:34:00.947 | INFO     | core.annotation_manager:export_actions:242 - Actions exported: 3 actions saved to /home/projects/www/vb-soft/VAA/actions.json
2025-11-12 23:34:06.686 | INFO     | ui.main_window:export_annotations:505 - Export successful: 2 labels, 3 actions
2025-11-12 23:34:53.660 | INFO     | core.video_processor:release:159 - Video released: /home/projects/www/vb-soft/vk-upload/output.mp4
2025-11-12 23:34:53.661 | INFO     | ui.main_window:closeEvent:547 - Application closed
2025-11-12 23:34:53.661 | INFO     | __main__:main:125 - Application exiting with code 0
2025-11-12 23:35:08.513 | INFO     | __main__:main:30 - Starting Volleyball Action Annotator
2025-11-12 23:35:08.605 | INFO     | ui.main_window:__init__:61 - Application initialized
2025-11-12 23:35:16.028 | INFO     | core.video_processor:__init__:40 - Video loaded: /home/projects/www/vb-soft/vk-upload/output.mp4 | Resolution: 1920x1080 | FPS: 29.97 | Frames: 30600 | Duration: 1021.02s
2025-11-12 23:35:16.078 | INFO     | ui.main_window:load_video:277 - Video loaded successfully: /home/projects/www/vb-soft/vk-upload/output.mp4
2025-11-12 23:35:29.814 | DEBUG    | core.video_processor:_evict_cache_if_needed:53 - Evicted frame 0 from cache
2025-11-12 23:35:29.958 | DEBUG    | core.video_processor:_evict_cache_if_needed:53 - Evicted frame 1 from cache
2025-11-12 23:35:30.111 | DEBUG    | core.video_processor:_evict_cache_if_needed:53 - Evicted frame 2 from cache
2025-11-12 23:35:30.262 | DEBUG    | core.video_processor:_evict_cache_if_needed:53 - Evicted frame 3 from cache
2025-11-12 23:35:30.412 | DEBUG    | core.video_processor:_evict_cache_if_needed:53 - Evicted frame 4 from cache
2025-11-12 23:35:30.563 | DEBUG    | core.video_processor:_evict_cache_if_needed:53 - Evicted frame 5 from cache
2025-11-12 23:35:30.717 | DEBUG    | core.video_processor:_evict_cache_if_needed:53 - Evicted frame 6 from cache
2025-11-12 23:35:30.865 | DEBUG    | core.video_processor:_evict_cache_if_needed:53 - Evicted frame 7 from cache
2025-11-12 23:35:31.016 | DEBUG    | core.video_processor:_evict_cache_if_needed:53 - Evicted frame 8 from cache
2025-11-12 23:35:31.168 | DEBUG    | core.video_processor:_evict_cache_if_needed:53 - Evicted frame 9 from cache
2025-11-12 23:35:31.323 | DEBUG    | core.video_processor:_evict_cache_if_needed:53 - Evicted frame 10 from cache
2025-11-12 23:35:31.472 | DEBUG    | core.video_processor:_evict_cache_if_needed:53 - Evicted frame 11 from cache
2025-11-12 23:35:31.625 | DEBUG    | core.video_processor:_evict_cache_if_needed:53 - Evicted frame 12 from cache
2025-11-12 23:35:31.785 | DEBUG    | core.video_processor:_evict_cache_if_needed:53 - Evicted frame 13 from cache
2025-11-12 23:35:31.940 | DEBUG    | core.video_processor:_evict_cache_if_needed:53 - Evicted frame 14 from cache
2025-11-12 23:35:32.097 | DEBUG    | core.video_processor:_evict_cache_if_needed:53 - Evicted frame 15 from cache
2025-11-12 23:35:32.253 | DEBUG    | core.video_processor:_evict_cache_if_needed:53 - Evicted frame 16 from cache
2025-11-12 23:35:32.409 | DEBUG    | core.video_processor:_evict_cache_if_needed:53 - Evicted frame 17 from cache
2025-11-12 23:35:32.568 | DEBUG    | core.video_processor:_evict_cache_if_needed:53 - Evicted frame 18 from cache
2025-11-12 23:35:32.726 | DEBUG    | core.video_processor:_evict_cache_if_needed:53 - Evicted frame 19 from cache
2025-11-12 23:35:32.885 | DEBUG    | core.video_processor:_evict_cache_if_needed:53 - Evicted frame 20 from cache
2025-11-12 23:35:33.043 | DEBUG    | core.video_processor:_evict_cache_if_needed:53 - Evicted frame 21 from cache
2025-11-12 23:35:33.201 | DEBUG    | core.video_processor:_evict_cache_if_needed:53 - Evicted frame 22 from cache
2025-11-12 23:35:33.363 | DEBUG    | core.video_processor:_evict_cache_if_needed:53 - Evicted frame 23 from cache
2025-11-12 23:35:33.526 | DEBUG    | core.video_processor:_evict_cache_if_needed:53 - Evicted frame 24 from cache
2025-11-12 23:35:33.684 | DEBUG    | core.video_processor:_evict_cache_if_needed:53 - Evicted frame 25 from cache
2025-11-12 23:35:33.849 | DEBUG    | core.video_processor:_evict_cache_if_needed:53 - Evicted frame 26 from cache
2025-11-12 23:35:34.007 | DEBUG    | core.video_processor:_evict_cache_if_needed:53 - Evicted frame 27 from cache
2025-11-12 23:35:34.170 | DEBUG    | core.video_processor:_evict_cache_if_needed:53 - Evicted frame 28 from cache
2025-11-12 23:35:34.334 | DEBUG    | core.video_processor:_evict_cache_if_needed:53 - Evicted frame 3856 from cache
2025-11-12 23:35:34.502 | DEBUG    | core.video_processor:_evict_cache_if_needed:53 - Evicted frame 3857 from cache
2025-11-12 23:35:34.665 | DEBUG    | core.video_processor:_evict_cache_if_needed:53 - Evicted frame 3858 from cache
2025-11-12 23:35:34.828 | DEBUG    | core.video_processor:_evict_cache_if_needed:53 - Evicted frame 3859 from cache
2025-11-12 23:35:34.992 | DEBUG    | core.video_processor:_evict_cache_if_needed:53 - Evicted frame 3860 from cache
2025-11-12 23:35:35.158 | DEBUG    | core.video_processor:_evict_cache_if_needed:53 - Evicted frame 3861 from cache
2025-11-12 23:35:35.325 | DEBUG    | core.video_processor:_evict_cache_if_needed:53 - Evicted frame 3862 from cache
2025-11-12 23:35:35.498 | DEBUG    | core.video_processor:_evict_cache_if_needed:53 - Evicted frame 3863 from cache
2025-11-12 23:35:35.665 | DEBUG    | core.video_processor:_evict_cache_if_needed:53 - Evicted frame 3864 from cache
2025-11-12 23:35:35.834 | DEBUG    | core.video_processor:_evict_cache_if_needed:53 - Evicted frame 3865 from cache
2025-11-12 23:35:36.004 | DEBUG    | core.video_processor:_evict_cache_if_needed:53 - Evicted frame 3866 from cache
2025-11-12 23:35:36.173 | DEBUG    | core.video_processor:_evict_cache_if_needed:53 - Evicted frame 3867 from cache
2025-11-12 23:35:36.350 | DEBUG    | core.video_processor:_evict_cache_if_needed:53 - Evicted frame 3868 from cache
2025-11-12 23:35:36.524 | DEBUG    | core.video_processor:_evict_cache_if_needed:53 - Evicted frame 3869 from cache
2025-11-12 23:35:36.692 | DEBUG    | core.video_processor:_evict_cache_if_needed:53 - Evicted frame 3870 from cache
2025-11-12 23:35:36.878 | DEBUG    | core.video_processor:_evict_cache_if_needed:53 - Evicted frame 3871 from cache
2025-11-12 23:35:37.050 | DEBUG    | core.video_processor:_evict_cache_if_needed:53 - Evicted frame 3872 from cache
2025-11-12 23:35:37.223 | DEBUG    | core.video_processor:_evict_cache_if_needed:53 - Evicted frame 3873 from cache
2025-11-12 23:35:37.402 | DEBUG    | core.video_processor:_evict_cache_if_needed:53 - Evicted frame 3874 from cache
2025-11-12 23:35:37.578 | DEBUG    | core.video_processor:_evict_cache_if_needed:53 - Evicted frame 3875 from cache
2025-11-12 23:35:37.753 | DEBUG    | core.video_processor:_evict_cache_if_needed:53 - Evicted frame 3876 from cache
2025-11-12 23:35:37.929 | DEBUG    | core.video_processor:_evict_cache_if_needed:53 - Evicted frame 3877 from cache
2025-11-12 23:35:38.105 | DEBUG    | core.video_processor:_evict_cache_if_needed:53 - Evicted frame 3878 from cache
2025-11-12 23:35:38.283 | DEBUG    | core.video_processor:_evict_cache_if_needed:53 - Evicted frame 3879 from cache
2025-11-12 23:35:38.465 | DEBUG    | core.video_processor:_evict_cache_if_needed:53 - Evicted frame 3880 from cache
2025-11-12 23:35:38.645 | DEBUG    | core.video_processor:_evict_cache_if_needed:53 - Evicted frame 3881 from cache
2025-11-12 23:35:38.829 | DEBUG    | core.video_processor:_evict_cache_if_needed:53 - Evicted frame 3882 from cache
2025-11-12 23:35:39.014 | DEBUG    | core.video_processor:_evict_cache_if_needed:53 - Evicted frame 3883 from cache
2025-11-12 23:35:39.196 | DEBUG    | core.video_processor:_evict_cache_if_needed:53 - Evicted frame 3884 from cache
2025-11-12 23:35:39.380 | DEBUG    | core.video_processor:_evict_cache_if_needed:53 - Evicted frame 3885 from cache
2025-11-12 23:35:39.566 | DEBUG    | core.video_processor:_evict_cache_if_needed:53 - Evicted frame 3886 from cache
2025-11-12 23:35:39.744 | DEBUG    | core.video_processor:_evict_cache_if_needed:53 - Evicted frame 3887 from cache
2025-11-12 23:35:44.656 | DEBUG    | core.video_processor:_evict_cache_if_needed:53 - Evicted frame 3888 from cache
2025-11-12 23:35:44.842 | DEBUG    | core.video_processor:_evict_cache_if_needed:53 - Evicted frame 3889 from cache
2025-11-12 23:35:45.044 | DEBUG    | core.video_processor:_evict_cache_if_needed:53 - Evicted frame 3890 from cache
2025-11-12 23:35:45.254 | DEBUG    | core.video_processor:_evict_cache_if_needed:53 - Evicted frame 3891 from cache
2025-11-12 23:35:45.471 | DEBUG    | core.video_processor:_evict_cache_if_needed:53 - Evicted frame 3892 from cache
2025-11-12 23:35:45.672 | DEBUG    | core.video_processor:_evict_cache_if_needed:53 - Evicted frame 3893 from cache
2025-11-12 23:35:45.873 | DEBUG    | core.video_processor:_evict_cache_if_needed:53 - Evicted frame 3894 from cache
2025-11-12 23:35:46.076 | DEBUG    | core.video_processor:_evict_cache_if_needed:53 - Evicted frame 3895 from cache
2025-11-12 23:35:46.271 | DEBUG    | core.video_processor:_evict_cache_if_needed:53 - Evicted frame 3896 from cache
2025-11-12 23:35:46.473 | DEBUG    | core.video_processor:_evict_cache_if_needed:53 - Evicted frame 3897 from cache
2025-11-12 23:35:46.673 | DEBUG    | core.video_processor:_evict_cache_if_needed:53 - Evicted frame 3898 from cache
2025-11-12 23:35:46.882 | DEBUG    | core.video_processor:_evict_cache_if_needed:53 - Evicted frame 3899 from cache
2025-11-12 23:35:47.099 | DEBUG    | core.video_processor:_evict_cache_if_needed:53 - Evicted frame 3900 from cache
2025-11-12 23:35:47.302 | DEBUG    | core.video_processor:_evict_cache_if_needed:53 - Evicted frame 3901 from cache
2025-11-12 23:35:47.513 | DEBUG    | core.video_processor:_evict_cache_if_needed:53 - Evicted frame 3902 from cache
2025-11-12 23:35:47.735 | DEBUG    | core.video_processor:_evict_cache_if_needed:53 - Evicted frame 3903 from cache
2025-11-12 23:35:47.974 | DEBUG    | core.video_processor:_evict_cache_if_needed:53 - Evicted frame 3904 from cache
2025-11-12 23:35:48.186 | DEBUG    | core.video_processor:_evict_cache_if_needed:53 - Evicted frame 3905 from cache
2025-11-12 23:35:48.393 | DEBUG    | core.video_processor:_evict_cache_if_needed:53 - Evicted frame 3906 from cache
2025-11-12 23:35:48.606 | DEBUG    | core.video_processor:_evict_cache_if_needed:53 - Evicted frame 3907 from cache
2025-11-12 23:35:48.858 | DEBUG    | core.video_processor:_evict_cache_if_needed:53 - Evicted frame 3908 from cache
2025-11-12 23:35:49.062 | DEBUG    | core.video_processor:_evict_cache_if_needed:53 - Evicted frame 3909 from cache
2025-11-12 23:35:49.273 | DEBUG    | core.video_processor:_evict_cache_if_needed:53 - Evicted frame 3910 from cache
2025-11-12 23:35:49.487 | DEBUG    | core.video_processor:_evict_cache_if_needed:53 - Evicted frame 3911 from cache
2025-11-12 23:35:49.702 | DEBUG    | core.video_processor:_evict_cache_if_needed:53 - Evicted frame 3912 from cache
2025-11-12 23:35:49.918 | DEBUG    | core.video_processor:_evict_cache_if_needed:53 - Evicted frame 3913 from cache
2025-11-12 23:35:50.131 | DEBUG    | core.video_processor:_evict_cache_if_needed:53 - Evicted frame 3914 from cache
2025-11-12 23:35:50.344 | DEBUG    | core.video_processor:_evict_cache_if_needed:53 - Evicted frame 3915 from cache
2025-11-12 23:35:50.385 | DEBUG    | core.video_processor:_evict_cache_if_needed:53 - Evicted frame 3916 from cache
2025-11-12 23:35:50.426 | DEBUG    | core.video_processor:_evict_cache_if_needed:53 - Evicted frame 3917 from cache
2025-11-12 23:35:50.468 | DEBUG    | core.video_processor:_evict_cache_if_needed:53 - Evicted frame 3918 from cache
2025-11-12 23:35:50.511 | DEBUG    | core.video_processor:_evict_cache_if_needed:53 - Evicted frame 3919 from cache
2025-11-12 23:35:50.556 | DEBUG    | core.video_processor:_evict_cache_if_needed:53 - Evicted frame 3920 from cache
2025-11-12 23:35:50.602 | DEBUG    | core.video_processor:_evict_cache_if_needed:53 - Evicted frame 3921 from cache
2025-11-12 23:35:50.648 | DEBUG    | core.video_processor:_evict_cache_if_needed:53 - Evicted frame 3922 from cache
2025-11-12 23:35:50.692 | DEBUG    | core.video_processor:_evict_cache_if_needed:53 - Evicted frame 3923 from cache
2025-11-12 23:35:50.737 | DEBUG    | core.video_processor:_evict_cache_if_needed:53 - Evicted frame 3924 from cache
2025-11-12 23:35:50.784 | DEBUG    | core.video_processor:_evict_cache_if_needed:53 - Evicted frame 3925 from cache
2025-11-12 23:35:50.830 | DEBUG    | core.video_processor:_evict_cache_if_needed:53 - Evicted frame 3926 from cache
2025-11-12 23:35:50.880 | DEBUG    | core.video_processor:_evict_cache_if_needed:53 - Evicted frame 3927 from cache
2025-11-12 23:35:50.931 | DEBUG    | core.video_processor:_evict_cache_if_needed:53 - Evicted frame 3928 from cache
2025-11-12 23:35:50.983 | DEBUG    | core.video_processor:_evict_cache_if_needed:53 - Evicted frame 3929 from cache
2025-11-12 23:35:51.034 | DEBUG    | core.video_processor:_evict_cache_if_needed:53 - Evicted frame 3930 from cache
2025-11-12 23:35:51.084 | DEBUG    | core.video_processor:_evict_cache_if_needed:53 - Evicted frame 3931 from cache
2025-11-12 23:35:51.134 | DEBUG    | core.video_processor:_evict_cache_if_needed:53 - Evicted frame 3932 from cache
2025-11-12 23:35:51.188 | DEBUG    | core.video_processor:_evict_cache_if_needed:53 - Evicted frame 3933 from cache
2025-11-12 23:35:51.240 | DEBUG    | core.video_processor:_evict_cache_if_needed:53 - Evicted frame 3934 from cache
2025-11-12 23:35:51.292 | DEBUG    | core.video_processor:_evict_cache_if_needed:53 - Evicted frame 3935 from cache
2025-11-12 23:35:51.350 | DEBUG    | core.video_processor:_evict_cache_if_needed:53 - Evicted frame 3936 from cache
2025-11-12 23:35:51.407 | DEBUG    | core.video_processor:_evict_cache_if_needed:53 - Evicted frame 3937 from cache
2025-11-12 23:35:51.462 | DEBUG    | core.video_processor:_evict_cache_if_needed:53 - Evicted frame 3938 from cache
2025-11-12 23:35:51.515 | DEBUG    | core.video_processor:_evict_cache_if_needed:53 - Evicted frame 3939 from cache
2025-11-12 23:35:51.575 | DEBUG    | core.video_processor:_evict_cache_if_needed:53 - Evicted frame 3940 from cache
2025-11-12 23:35:51.630 | DEBUG    | core.video_processor:_evict_cache_if_needed:53 - Evicted frame 3941 from cache
2025-11-12 23:35:51.688 | DEBUG    | core.video_processor:_evict_cache_if_needed:53 - Evicted frame 3942 from cache
2025-11-12 23:35:51.750 | DEBUG    | core.video_processor:_evict_cache_if_needed:53 - Evicted frame 3943 from cache
2025-11-12 23:35:51.808 | DEBUG    | core.video_processor:_evict_cache_if_needed:53 - Evicted frame 3944 from cache
2025-11-12 23:35:51.868 | DEBUG    | core.video_processor:_evict_cache_if_needed:53 - Evicted frame 3945 from cache
2025-11-12 23:35:51.929 | DEBUG    | core.video_processor:_evict_cache_if_needed:53 - Evicted frame 3946 from cache
2025-11-12 23:35:51.988 | DEBUG    | core.video_processor:_evict_cache_if_needed:53 - Evicted frame 3947 from cache
2025-11-12 23:35:52.051 | DEBUG    | core.video_processor:_evict_cache_if_needed:53 - Evicted frame 3948 from cache
2025-11-12 23:35:52.113 | DEBUG    | core.video_processor:_evict_cache_if_needed:53 - Evicted frame 3949 from cache
2025-11-12 23:35:52.178 | DEBUG    | core.video_processor:_evict_cache_if_needed:53 - Evicted frame 3950 from cache
2025-11-12 23:35:52.244 | DEBUG    | core.video_processor:_evict_cache_if_needed:53 - Evicted frame 3951 from cache
2025-11-12 23:35:52.309 | DEBUG    | core.video_processor:_evict_cache_if_needed:53 - Evicted frame 3952 from cache
2025-11-12 23:35:52.375 | DEBUG    | core.video_processor:_evict_cache_if_needed:53 - Evicted frame 3953 from cache
2025-11-12 23:35:52.439 | DEBUG    | core.video_processor:_evict_cache_if_needed:53 - Evicted frame 3954 from cache
2025-11-12 23:35:52.508 | DEBUG    | core.video_processor:_evict_cache_if_needed:53 - Evicted frame 3955 from cache
2025-11-12 23:35:52.578 | DEBUG    | core.video_processor:_evict_cache_if_needed:53 - Evicted frame 3956 from cache
2025-11-12 23:35:52.649 | DEBUG    | core.video_processor:_evict_cache_if_needed:53 - Evicted frame 3957 from cache
2025-11-12 23:35:52.716 | DEBUG    | core.video_processor:_evict_cache_if_needed:53 - Evicted frame 3958 from cache
2025-11-12 23:35:52.785 | DEBUG    | core.video_processor:_evict_cache_if_needed:53 - Evicted frame 3959 from cache
2025-11-12 23:35:52.855 | DEBUG    | core.video_processor:_evict_cache_if_needed:53 - Evicted frame 3960 from cache
2025-11-12 23:35:52.925 | DEBUG    | core.video_processor:_evict_cache_if_needed:53 - Evicted frame 3961 from cache
2025-11-12 23:35:52.996 | DEBUG    | core.video_processor:_evict_cache_if_needed:53 - Evicted frame 3962 from cache
2025-11-12 23:35:53.067 | DEBUG    | core.video_processor:_evict_cache_if_needed:53 - Evicted frame 3963 from cache
2025-11-12 23:35:53.151 | DEBUG    | core.video_processor:_evict_cache_if_needed:53 - Evicted frame 3964 from cache
2025-11-12 23:35:53.227 | DEBUG    | core.video_processor:_evict_cache_if_needed:53 - Evicted frame 3965 from cache
2025-11-12 23:35:53.305 | DEBUG    | core.video_processor:_evict_cache_if_needed:53 - Evicted frame 3966 from cache
2025-11-12 23:35:53.387 | DEBUG    | core.video_processor:_evict_cache_if_needed:53 - Evicted frame 3967 from cache
2025-11-12 23:35:53.465 | DEBUG    | core.video_processor:_evict_cache_if_needed:53 - Evicted frame 3968 from cache
2025-11-12 23:35:53.556 | DEBUG    | core.video_processor:_evict_cache_if_needed:53 - Evicted frame 3969 from cache
2025-11-12 23:35:53.634 | DEBUG    | core.video_processor:_evict_cache_if_needed:53 - Evicted frame 3970 from cache
2025-11-12 23:35:53.710 | DEBUG    | core.video_processor:_evict_cache_if_needed:53 - Evicted frame 3971 from cache
2025-11-12 23:35:53.799 | DEBUG    | core.video_processor:_evict_cache_if_needed:53 - Evicted frame 3972 from cache
2025-11-12 23:35:53.883 | DEBUG    | core.video_processor:_evict_cache_if_needed:53 - Evicted frame 3973 from cache
2025-11-12 23:35:53.969 | DEBUG    | core.video_processor:_evict_cache_if_needed:53 - Evicted frame 3974 from cache
2025-11-12 23:35:54.054 | DEBUG    | core.video_processor:_evict_cache_if_needed:53 - Evicted frame 3975 from cache
2025-11-12 23:35:54.139 | DEBUG    | core.video_processor:_evict_cache_if_needed:53 - Evicted frame 3976 from cache
2025-11-12 23:35:54.228 | DEBUG    | core.video_processor:_evict_cache_if_needed:53 - Evicted frame 3977 from cache
2025-11-12 23:35:54.316 | DEBUG    | core.video_processor:_evict_cache_if_needed:53 - Evicted frame 3978 from cache
2025-11-12 23:35:54.408 | DEBUG    | core.video_processor:_evict_cache_if_needed:53 - Evicted frame 3979 from cache
2025-11-12 23:35:54.500 | DEBUG    | core.video_processor:_evict_cache_if_needed:53 - Evicted frame 3980 from cache
2025-11-12 23:35:54.593 | DEBUG    | core.video_processor:_evict_cache_if_needed:53 - Evicted frame 3981 from cache
2025-11-12 23:35:54.687 | DEBUG    | core.video_processor:_evict_cache_if_needed:53 - Evicted frame 3982 from cache
2025-11-12 23:35:54.784 | DEBUG    | core.video_processor:_evict_cache_if_needed:53 - Evicted frame 3983 from cache
2025-11-12 23:35:54.877 | DEBUG    | core.video_processor:_evict_cache_if_needed:53 - Evicted frame 3984 from cache
2025-11-12 23:35:54.972 | DEBUG    | core.video_processor:_evict_cache_if_needed:53 - Evicted frame 3985 from cache
2025-11-12 23:35:55.060 | DEBUG    | core.video_processor:_evict_cache_if_needed:53 - Evicted frame 3986 from cache
2025-11-12 23:35:55.146 | DEBUG    | core.video_processor:_evict_cache_if_needed:53 - Evicted frame 3987 from cache
2025-11-12 23:35:55.234 | DEBUG    | core.video_processor:_evict_cache_if_needed:53 - Evicted frame 3988 from cache
2025-11-12 23:35:55.323 | DEBUG    | core.video_processor:_evict_cache_if_needed:53 - Evicted frame 3989 from cache
2025-11-12 23:35:55.408 | DEBUG    | core.video_processor:_evict_cache_if_needed:53 - Evicted frame 3990 from cache
2025-11-12 23:35:55.504 | DEBUG    | core.video_processor:_evict_cache_if_needed:53 - Evicted frame 3991 from cache
2025-11-12 23:35:55.606 | DEBUG    | core.video_processor:_evict_cache_if_needed:53 - Evicted frame 3992 from cache
2025-11-12 23:35:55.696 | DEBUG    | core.video_processor:_evict_cache_if_needed:53 - Evicted frame 3993 from cache
2025-11-12 23:35:55.788 | DEBUG    | core.video_processor:_evict_cache_if_needed:53 - Evicted frame 3994 from cache
2025-11-12 23:35:55.879 | DEBUG    | core.video_processor:_evict_cache_if_needed:53 - Evicted frame 3995 from cache
2025-11-12 23:35:55.974 | DEBUG    | core.video_processor:_evict_cache_if_needed:53 - Evicted frame 3996 from cache
2025-11-12 23:35:56.069 | DEBUG    | core.video_processor:_evict_cache_if_needed:53 - Evicted frame 3997 from cache
2025-11-12 23:35:56.168 | DEBUG    | core.video_processor:_evict_cache_if_needed:53 - Evicted frame 3998 from cache
2025-11-12 23:35:56.262 | DEBUG    | core.video_processor:_evict_cache_if_needed:53 - Evicted frame 3999 from cache
2025-11-12 23:35:56.361 | DEBUG    | core.video_processor:_evict_cache_if_needed:53 - Evicted frame 4000 from cache
2025-11-12 23:35:56.458 | DEBUG    | core.video_processor:_evict_cache_if_needed:53 - Evicted frame 4001 from cache
2025-11-12 23:35:56.551 | DEBUG    | core.video_processor:_evict_cache_if_needed:53 - Evicted frame 4002 from cache
2025-11-12 23:35:56.649 | DEBUG    | core.video_processor:_evict_cache_if_needed:53 - Evicted frame 4003 from cache
2025-11-12 23:35:56.749 | DEBUG    | core.video_processor:_evict_cache_if_needed:53 - Evicted frame 4004 from cache
2025-11-12 23:35:56.848 | DEBUG    | core.video_processor:_evict_cache_if_needed:53 - Evicted frame 4005 from cache
2025-11-12 23:35:56.949 | DEBUG    | core.video_processor:_evict_cache_if_needed:53 - Evicted frame 4006 from cache
2025-11-12 23:35:57.050 | DEBUG    | core.video_processor:_evict_cache_if_needed:53 - Evicted frame 4007 from cache
2025-11-12 23:35:57.154 | DEBUG    | core.video_processor:_evict_cache_if_needed:53 - Evicted frame 4008 from cache
2025-11-12 23:35:57.262 | DEBUG    | core.video_processor:_evict_cache_if_needed:53 - Evicted frame 4009 from cache
2025-11-12 23:35:57.371 | DEBUG    | core.video_processor:_evict_cache_if_needed:53 - Evicted frame 4010 from cache
2025-11-12 23:35:57.474 | DEBUG    | core.video_processor:_evict_cache_if_needed:53 - Evicted frame 4011 from cache
2025-11-12 23:35:57.577 | DEBUG    | core.video_processor:_evict_cache_if_needed:53 - Evicted frame 4012 from cache
2025-11-12 23:35:57.683 | DEBUG    | core.video_processor:_evict_cache_if_needed:53 - Evicted frame 4013 from cache
2025-11-12 23:35:57.789 | DEBUG    | core.video_processor:_evict_cache_if_needed:53 - Evicted frame 4014 from cache
2025-11-12 23:35:57.893 | DEBUG    | core.video_processor:_evict_cache_if_needed:53 - Evicted frame 4015 from cache
2025-11-12 23:35:57.999 | DEBUG    | core.video_processor:_evict_cache_if_needed:53 - Evicted frame 4016 from cache
2025-11-12 23:35:58.107 | DEBUG    | core.video_processor:_evict_cache_if_needed:53 - Evicted frame 4017 from cache
2025-11-12 23:35:58.213 | DEBUG    | core.video_processor:_evict_cache_if_needed:53 - Evicted frame 4018 from cache
2025-11-12 23:35:58.320 | DEBUG    | core.video_processor:_evict_cache_if_needed:53 - Evicted frame 4019 from cache
2025-11-12 23:35:58.427 | DEBUG    | core.video_processor:_evict_cache_if_needed:53 - Evicted frame 4020 from cache
2025-11-12 23:35:58.535 | DEBUG    | core.video_processor:_evict_cache_if_needed:53 - Evicted frame 4021 from cache
2025-11-12 23:35:58.660 | DEBUG    | core.video_processor:_evict_cache_if_needed:53 - Evicted frame 4022 from cache
2025-11-12 23:35:58.771 | DEBUG    | core.video_processor:_evict_cache_if_needed:53 - Evicted frame 4023 from cache
2025-11-12 23:35:58.885 | DEBUG    | core.video_processor:_evict_cache_if_needed:53 - Evicted frame 4024 from cache
2025-11-12 23:35:58.994 | DEBUG    | core.video_processor:_evict_cache_if_needed:53 - Evicted frame 4025 from cache
2025-11-12 23:35:59.108 | DEBUG    | core.video_processor:_evict_cache_if_needed:53 - Evicted frame 4026 from cache
2025-11-12 23:35:59.223 | DEBUG    | core.video_processor:_evict_cache_if_needed:53 - Evicted frame 4027 from cache
2025-11-12 23:35:59.338 | DEBUG    | core.video_processor:_evict_cache_if_needed:53 - Evicted frame 4028 from cache
2025-11-12 23:35:59.457 | DEBUG    | core.video_processor:_evict_cache_if_needed:53 - Evicted frame 4029 from cache
2025-11-12 23:35:59.571 | DEBUG    | core.video_processor:_evict_cache_if_needed:53 - Evicted frame 4030 from cache
2025-11-12 23:35:59.684 | DEBUG    | core.video_processor:_evict_cache_if_needed:53 - Evicted frame 4031 from cache
2025-11-12 23:35:59.800 | DEBUG    | core.video_processor:_evict_cache_if_needed:53 - Evicted frame 4032 from cache
2025-11-12 23:35:59.922 | DEBUG    | core.video_processor:_evict_cache_if_needed:53 - Evicted frame 4033 from cache
2025-11-12 23:36:00.042 | DEBUG    | core.video_processor:_evict_cache_if_needed:53 - Evicted frame 4034 from cache
2025-11-12 23:36:00.162 | DEBUG    | core.video_processor:_evict_cache_if_needed:53 - Evicted frame 4035 from cache
2025-11-12 23:36:00.286 | DEBUG    | core.video_processor:_evict_cache_if_needed:53 - Evicted frame 4036 from cache
2025-11-12 23:36:02.388 | INFO     | core.annotation_manager:start_action:38 - Action started: Serve at frame 4136
2025-11-12 23:36:05.327 | DEBUG    | core.video_processor:_evict_cache_if_needed:53 - Evicted frame 4037 from cache
2025-11-12 23:36:05.549 | DEBUG    | core.video_processor:_evict_cache_if_needed:53 - Evicted frame 4038 from cache
2025-11-12 23:36:05.755 | DEBUG    | core.video_processor:_evict_cache_if_needed:53 - Evicted frame 4039 from cache
2025-11-12 23:36:05.874 | DEBUG    | core.video_processor:_evict_cache_if_needed:53 - Evicted frame 4040 from cache
2025-11-12 23:36:06.025 | DEBUG    | core.video_processor:_evict_cache_if_needed:53 - Evicted frame 4041 from cache
2025-11-12 23:36:06.533 | DEBUG    | core.video_processor:_evict_cache_if_needed:53 - Evicted frame 4042 from cache
2025-11-12 23:36:08.937 | DEBUG    | core.video_processor:_evict_cache_if_needed:53 - Evicted frame 4043 from cache
2025-11-12 23:36:09.197 | DEBUG    | core.video_processor:_evict_cache_if_needed:53 - Evicted frame 4044 from cache
2025-11-12 23:36:09.917 | DEBUG    | core.video_processor:_evict_cache_if_needed:53 - Evicted frame 4045 from cache
2025-11-12 23:36:10.164 | DEBUG    | core.video_processor:_evict_cache_if_needed:53 - Evicted frame 4046 from cache
2025-11-12 23:36:10.289 | DEBUG    | core.video_processor:_evict_cache_if_needed:53 - Evicted frame 4047 from cache
2025-11-12 23:36:10.591 | DEBUG    | core.video_processor:_evict_cache_if_needed:53 - Evicted frame 4048 from cache
2025-11-12 23:36:10.722 | DEBUG    | core.video_processor:_evict_cache_if_needed:53 - Evicted frame 4049 from cache
2025-11-12 23:36:10.997 | DEBUG    | core.video_processor:_evict_cache_if_needed:53 - Evicted frame 4050 from cache
2025-11-12 23:36:11.305 | DEBUG    | core.video_processor:_evict_cache_if_needed:53 - Evicted frame 4051 from cache
2025-11-12 23:36:11.484 | DEBUG    | core.video_processor:_evict_cache_if_needed:53 - Evicted frame 4052 from cache
2025-11-12 23:36:11.813 | DEBUG    | core.video_processor:_evict_cache_if_needed:53 - Evicted frame 4053 from cache
2025-11-12 23:36:11.952 | DEBUG    | core.video_processor:_evict_cache_if_needed:53 - Evicted frame 4054 from cache
2025-11-12 23:36:12.240 | DEBUG    | core.video_processor:_evict_cache_if_needed:53 - Evicted frame 4055 from cache
2025-11-12 23:36:12.376 | DEBUG    | core.video_processor:_evict_cache_if_needed:53 - Evicted frame 4056 from cache
2025-11-12 23:36:12.729 | DEBUG    | core.video_processor:_evict_cache_if_needed:53 - Evicted frame 4057 from cache
2025-11-12 23:36:12.862 | DEBUG    | core.video_processor:_evict_cache_if_needed:53 - Evicted frame 4058 from cache
2025-11-12 23:36:13.033 | DEBUG    | core.video_processor:_evict_cache_if_needed:53 - Evicted frame 4059 from cache
2025-11-12 23:36:13.246 | DEBUG    | core.video_processor:_evict_cache_if_needed:53 - Evicted frame 4060 from cache
2025-11-12 23:36:13.420 | DEBUG    | core.video_processor:_evict_cache_if_needed:53 - Evicted frame 4061 from cache
2025-11-12 23:36:13.863 | DEBUG    | core.video_processor:_evict_cache_if_needed:53 - Evicted frame 4062 from cache
2025-11-12 23:36:14.003 | DEBUG    | core.video_processor:_evict_cache_if_needed:53 - Evicted frame 4063 from cache
2025-11-12 23:36:14.141 | DEBUG    | core.video_processor:_evict_cache_if_needed:53 - Evicted frame 4064 from cache
2025-11-12 23:36:14.349 | DEBUG    | core.video_processor:_evict_cache_if_needed:53 - Evicted frame 4065 from cache
2025-11-12 23:36:14.553 | DEBUG    | core.video_processor:_evict_cache_if_needed:53 - Evicted frame 4066 from cache
2025-11-12 23:36:14.920 | DEBUG    | core.video_processor:_evict_cache_if_needed:53 - Evicted frame 4067 from cache
2025-11-12 23:36:15.060 | DEBUG    | core.video_processor:_evict_cache_if_needed:53 - Evicted frame 4068 from cache
2025-11-12 23:36:15.355 | DEBUG    | core.video_processor:_evict_cache_if_needed:53 - Evicted frame 4069 from cache
2025-11-12 23:36:15.496 | DEBUG    | core.video_processor:_evict_cache_if_needed:53 - Evicted frame 4070 from cache
2025-11-12 23:36:15.698 | DEBUG    | core.video_processor:_evict_cache_if_needed:53 - Evicted frame 4071 from cache
2025-11-12 23:36:15.928 | DEBUG    | core.video_processor:_evict_cache_if_needed:53 - Evicted frame 4072 from cache
2025-11-12 23:36:16.249 | DEBUG    | core.video_processor:_evict_cache_if_needed:53 - Evicted frame 4073 from cache
2025-11-12 23:36:16.407 | DEBUG    | core.video_processor:_evict_cache_if_needed:53 - Evicted frame 4074 from cache
2025-11-12 23:36:16.764 | DEBUG    | core.video_processor:_evict_cache_if_needed:53 - Evicted frame 4075 from cache
2025-11-12 23:36:16.912 | DEBUG    | core.video_processor:_evict_cache_if_needed:53 - Evicted frame 4076 from cache
2025-11-12 23:36:17.238 | DEBUG    | core.video_processor:_evict_cache_if_needed:53 - Evicted frame 4077 from cache
2025-11-12 23:36:17.391 | DEBUG    | core.video_processor:_evict_cache_if_needed:53 - Evicted frame 4078 from cache
2025-11-12 23:36:17.617 | DEBUG    | core.video_processor:_evict_cache_if_needed:53 - Evicted frame 4079 from cache
2025-11-12 23:36:17.947 | DEBUG    | core.video_processor:_evict_cache_if_needed:53 - Evicted frame 4080 from cache
2025-11-12 23:36:18.095 | DEBUG    | core.video_processor:_evict_cache_if_needed:53 - Evicted frame 4081 from cache
2025-11-12 23:36:18.268 | DEBUG    | core.video_processor:_evict_cache_if_needed:53 - Evicted frame 4082 from cache
2025-11-12 23:36:18.568 | DEBUG    | core.video_processor:_evict_cache_if_needed:53 - Evicted frame 4083 from cache
2025-11-12 23:36:18.723 | DEBUG    | core.video_processor:_evict_cache_if_needed:53 - Evicted frame 4084 from cache
2025-11-12 23:36:18.979 | DEBUG    | core.video_processor:_evict_cache_if_needed:53 - Evicted frame 4085 from cache
2025-11-12 23:36:25.622 | INFO     | core.annotation_manager:end_action:74 - Action completed: Serve | Frames 4136-4178 | Duration: 1.40s
2025-11-12 23:36:33.194 | DEBUG    | core.video_processor:_evict_cache_if_needed:53 - Evicted frame 4086 from cache
2025-11-12 23:36:33.353 | DEBUG    | core.video_processor:_evict_cache_if_needed:53 - Evicted frame 4087 from cache
2025-11-12 23:36:33.508 | DEBUG    | core.video_processor:_evict_cache_if_needed:53 - Evicted frame 4088 from cache
2025-11-12 23:36:33.661 | DEBUG    | core.video_processor:_evict_cache_if_needed:53 - Evicted frame 4089 from cache
2025-11-12 23:36:33.817 | DEBUG    | core.video_processor:_evict_cache_if_needed:53 - Evicted frame 4090 from cache
2025-11-12 23:36:33.973 | DEBUG    | core.video_processor:_evict_cache_if_needed:53 - Evicted frame 4091 from cache
2025-11-12 23:36:34.134 | DEBUG    | core.video_processor:_evict_cache_if_needed:53 - Evicted frame 4092 from cache
2025-11-12 23:36:34.286 | DEBUG    | core.video_processor:_evict_cache_if_needed:53 - Evicted frame 4093 from cache
2025-11-12 23:36:34.443 | DEBUG    | core.video_processor:_evict_cache_if_needed:53 - Evicted frame 4094 from cache
2025-11-12 23:36:34.602 | DEBUG    | core.video_processor:_evict_cache_if_needed:53 - Evicted frame 4095 from cache
2025-11-12 23:36:34.759 | DEBUG    | core.video_processor:_evict_cache_if_needed:53 - Evicted frame 4096 from cache
2025-11-12 23:36:34.929 | DEBUG    | core.video_processor:_evict_cache_if_needed:53 - Evicted frame 4097 from cache
2025-11-12 23:36:35.093 | DEBUG    | core.video_processor:_evict_cache_if_needed:53 - Evicted frame 4098 from cache
2025-11-12 23:36:35.251 | DEBUG    | core.video_processor:_evict_cache_if_needed:53 - Evicted frame 4099 from cache
2025-11-12 23:36:35.411 | DEBUG    | core.video_processor:_evict_cache_if_needed:53 - Evicted frame 4100 from cache
2025-11-12 23:36:35.572 | DEBUG    | core.video_processor:_evict_cache_if_needed:53 - Evicted frame 4101 from cache
2025-11-12 23:36:35.739 | DEBUG    | core.video_processor:_evict_cache_if_needed:53 - Evicted frame 4102 from cache
2025-11-12 23:36:35.903 | DEBUG    | core.video_processor:_evict_cache_if_needed:53 - Evicted frame 4103 from cache
2025-11-12 23:36:36.069 | DEBUG    | core.video_processor:_evict_cache_if_needed:53 - Evicted frame 4104 from cache
2025-11-12 23:36:36.236 | DEBUG    | core.video_processor:_evict_cache_if_needed:53 - Evicted frame 4105 from cache
2025-11-12 23:36:36.408 | DEBUG    | core.video_processor:_evict_cache_if_needed:53 - Evicted frame 4106 from cache
2025-11-12 23:36:36.570 | DEBUG    | core.video_processor:_evict_cache_if_needed:53 - Evicted frame 4107 from cache
2025-11-12 23:36:36.734 | DEBUG    | core.video_processor:_evict_cache_if_needed:53 - Evicted frame 4108 from cache
2025-11-12 23:36:36.898 | DEBUG    | core.video_processor:_evict_cache_if_needed:53 - Evicted frame 4109 from cache
2025-11-12 23:36:37.067 | DEBUG    | core.video_processor:_evict_cache_if_needed:53 - Evicted frame 4110 from cache
2025-11-12 23:36:37.240 | DEBUG    | core.video_processor:_evict_cache_if_needed:53 - Evicted frame 4111 from cache
2025-11-12 23:36:37.412 | DEBUG    | core.video_processor:_evict_cache_if_needed:53 - Evicted frame 4112 from cache
2025-11-12 23:36:37.578 | DEBUG    | core.video_processor:_evict_cache_if_needed:53 - Evicted frame 4113 from cache
2025-11-12 23:36:37.747 | DEBUG    | core.video_processor:_evict_cache_if_needed:53 - Evicted frame 4114 from cache
2025-11-12 23:36:37.915 | DEBUG    | core.video_processor:_evict_cache_if_needed:53 - Evicted frame 4115 from cache
2025-11-12 23:36:38.084 | DEBUG    | core.video_processor:_evict_cache_if_needed:53 - Evicted frame 4116 from cache
2025-11-12 23:36:38.255 | DEBUG    | core.video_processor:_evict_cache_if_needed:53 - Evicted frame 4117 from cache
2025-11-12 23:36:38.431 | DEBUG    | core.video_processor:_evict_cache_if_needed:53 - Evicted frame 4118 from cache
2025-11-12 23:36:38.612 | DEBUG    | core.video_processor:_evict_cache_if_needed:53 - Evicted frame 4119 from cache
2025-11-12 23:36:38.785 | DEBUG    | core.video_processor:_evict_cache_if_needed:53 - Evicted frame 4120 from cache
2025-11-12 23:36:38.965 | DEBUG    | core.video_processor:_evict_cache_if_needed:53 - Evicted frame 4121 from cache
2025-11-12 23:36:39.140 | DEBUG    | core.video_processor:_evict_cache_if_needed:53 - Evicted frame 4122 from cache
2025-11-12 23:36:39.313 | DEBUG    | core.video_processor:_evict_cache_if_needed:53 - Evicted frame 4123 from cache
2025-11-12 23:36:39.491 | DEBUG    | core.video_processor:_evict_cache_if_needed:53 - Evicted frame 4124 from cache
2025-11-12 23:36:39.682 | DEBUG    | core.video_processor:_evict_cache_if_needed:53 - Evicted frame 4125 from cache
2025-11-12 23:36:39.856 | DEBUG    | core.video_processor:_evict_cache_if_needed:53 - Evicted frame 4126 from cache
2025-11-12 23:36:40.035 | DEBUG    | core.video_processor:_evict_cache_if_needed:53 - Evicted frame 4127 from cache
2025-11-12 23:36:40.214 | DEBUG    | core.video_processor:_evict_cache_if_needed:53 - Evicted frame 4128 from cache
2025-11-12 23:36:40.392 | DEBUG    | core.video_processor:_evict_cache_if_needed:53 - Evicted frame 4129 from cache
2025-11-12 23:36:40.575 | DEBUG    | core.video_processor:_evict_cache_if_needed:53 - Evicted frame 4130 from cache
2025-11-12 23:36:40.760 | DEBUG    | core.video_processor:_evict_cache_if_needed:53 - Evicted frame 4131 from cache
2025-11-12 23:36:40.936 | DEBUG    | core.video_processor:_evict_cache_if_needed:53 - Evicted frame 4132 from cache
2025-11-12 23:36:41.118 | DEBUG    | core.video_processor:_evict_cache_if_needed:53 - Evicted frame 4133 from cache
2025-11-12 23:36:41.298 | DEBUG    | core.video_processor:_evict_cache_if_needed:53 - Evicted frame 4134 from cache
2025-11-12 23:36:41.481 | DEBUG    | core.video_processor:_evict_cache_if_needed:53 - Evicted frame 4135 from cache
2025-11-12 23:36:41.667 | DEBUG    | core.video_processor:_evict_cache_if_needed:53 - Evicted frame 4136 from cache
2025-11-12 23:36:41.856 | DEBUG    | core.video_processor:_evict_cache_if_needed:53 - Evicted frame 4137 from cache
2025-11-12 23:36:42.049 | DEBUG    | core.video_processor:_evict_cache_if_needed:53 - Evicted frame 4138 from cache
2025-11-12 23:36:42.241 | DEBUG    | core.video_processor:_evict_cache_if_needed:53 - Evicted frame 4139 from cache
2025-11-12 23:36:42.448 | DEBUG    | core.video_processor:_evict_cache_if_needed:53 - Evicted frame 4140 from cache
2025-11-12 23:36:42.650 | DEBUG    | core.video_processor:_evict_cache_if_needed:53 - Evicted frame 4141 from cache
2025-11-12 23:36:42.857 | DEBUG    | core.video_processor:_evict_cache_if_needed:53 - Evicted frame 4142 from cache
2025-11-12 23:36:43.059 | DEBUG    | core.video_processor:_evict_cache_if_needed:53 - Evicted frame 4143 from cache
2025-11-12 23:36:43.265 | DEBUG    | core.video_processor:_evict_cache_if_needed:53 - Evicted frame 4144 from cache
2025-11-12 23:36:43.467 | DEBUG    | core.video_processor:_evict_cache_if_needed:53 - Evicted frame 4145 from cache
2025-11-12 23:36:43.668 | DEBUG    | core.video_processor:_evict_cache_if_needed:53 - Evicted frame 4146 from cache
2025-11-12 23:36:43.872 | DEBUG    | core.video_processor:_evict_cache_if_needed:53 - Evicted frame 4147 from cache
2025-11-12 23:36:44.074 | DEBUG    | core.video_processor:_evict_cache_if_needed:53 - Evicted frame 4148 from cache
2025-11-12 23:36:44.275 | DEBUG    | core.video_processor:_evict_cache_if_needed:53 - Evicted frame 4149 from cache
2025-11-12 23:36:44.499 | DEBUG    | core.video_processor:_evict_cache_if_needed:53 - Evicted frame 4150 from cache
2025-11-12 23:36:44.700 | DEBUG    | core.video_processor:_evict_cache_if_needed:53 - Evicted frame 4151 from cache
2025-11-12 23:36:44.915 | DEBUG    | core.video_processor:_evict_cache_if_needed:53 - Evicted frame 4152 from cache
2025-11-12 23:36:45.124 | DEBUG    | core.video_processor:_evict_cache_if_needed:53 - Evicted frame 4153 from cache
2025-11-12 23:36:45.333 | DEBUG    | core.video_processor:_evict_cache_if_needed:53 - Evicted frame 4154 from cache
2025-11-12 23:36:45.538 | DEBUG    | core.video_processor:_evict_cache_if_needed:53 - Evicted frame 4155 from cache
2025-11-12 23:36:45.744 | DEBUG    | core.video_processor:_evict_cache_if_needed:53 - Evicted frame 4156 from cache
2025-11-12 23:36:45.951 | DEBUG    | core.video_processor:_evict_cache_if_needed:53 - Evicted frame 4157 from cache
2025-11-12 23:36:46.158 | DEBUG    | core.video_processor:_evict_cache_if_needed:53 - Evicted frame 4158 from cache
2025-11-12 23:36:46.376 | DEBUG    | core.video_processor:_evict_cache_if_needed:53 - Evicted frame 4159 from cache
2025-11-12 23:36:46.589 | DEBUG    | core.video_processor:_evict_cache_if_needed:53 - Evicted frame 4160 from cache
2025-11-12 23:36:46.798 | DEBUG    | core.video_processor:_evict_cache_if_needed:53 - Evicted frame 4161 from cache
2025-11-12 23:36:49.638 | DEBUG    | core.video_processor:_evict_cache_if_needed:53 - Evicted frame 4162 from cache
2025-11-12 23:36:49.854 | DEBUG    | core.video_processor:_evict_cache_if_needed:53 - Evicted frame 4163 from cache
2025-11-12 23:36:50.073 | DEBUG    | core.video_processor:_evict_cache_if_needed:53 - Evicted frame 4164 from cache
2025-11-12 23:36:50.774 | DEBUG    | core.video_processor:_evict_cache_if_needed:53 - Evicted frame 4165 from cache
2025-11-12 23:36:50.813 | DEBUG    | core.video_processor:_evict_cache_if_needed:53 - Evicted frame 4166 from cache
2025-11-12 23:36:50.852 | DEBUG    | core.video_processor:_evict_cache_if_needed:53 - Evicted frame 4167 from cache
2025-11-12 23:36:50.893 | DEBUG    | core.video_processor:_evict_cache_if_needed:53 - Evicted frame 4168 from cache
2025-11-12 23:36:50.935 | DEBUG    | core.video_processor:_evict_cache_if_needed:53 - Evicted frame 4169 from cache
2025-11-12 23:36:50.978 | DEBUG    | core.video_processor:_evict_cache_if_needed:53 - Evicted frame 4170 from cache
2025-11-12 23:36:51.020 | DEBUG    | core.video_processor:_evict_cache_if_needed:53 - Evicted frame 4171 from cache
2025-11-12 23:36:51.063 | DEBUG    | core.video_processor:_evict_cache_if_needed:53 - Evicted frame 4172 from cache
2025-11-12 23:36:51.105 | DEBUG    | core.video_processor:_evict_cache_if_needed:53 - Evicted frame 4173 from cache
2025-11-12 23:36:51.149 | DEBUG    | core.video_processor:_evict_cache_if_needed:53 - Evicted frame 4174 from cache
2025-11-12 23:36:51.192 | DEBUG    | core.video_processor:_evict_cache_if_needed:53 - Evicted frame 4175 from cache
2025-11-12 23:36:51.235 | DEBUG    | core.video_processor:_evict_cache_if_needed:53 - Evicted frame 4176 from cache
2025-11-12 23:36:51.285 | DEBUG    | core.video_processor:_evict_cache_if_needed:53 - Evicted frame 4177 from cache
2025-11-12 23:36:51.332 | DEBUG    | core.video_processor:_evict_cache_if_needed:53 - Evicted frame 4178 from cache
2025-11-12 23:36:51.379 | DEBUG    | core.video_processor:_evict_cache_if_needed:53 - Evicted frame 4179 from cache
2025-11-12 23:36:51.427 | DEBUG    | core.video_processor:_evict_cache_if_needed:53 - Evicted frame 4180 from cache
2025-11-12 23:36:51.478 | DEBUG    | core.video_processor:_evict_cache_if_needed:53 - Evicted frame 4181 from cache
2025-11-12 23:36:51.528 | DEBUG    | core.video_processor:_evict_cache_if_needed:53 - Evicted frame 4182 from cache
2025-11-12 23:36:51.579 | DEBUG    | core.video_processor:_evict_cache_if_needed:53 - Evicted frame 4183 from cache
2025-11-12 23:36:51.629 | DEBUG    | core.video_processor:_evict_cache_if_needed:53 - Evicted frame 4184 from cache
2025-11-12 23:36:51.680 | DEBUG    | core.video_processor:_evict_cache_if_needed:53 - Evicted frame 4185 from cache
2025-11-12 23:36:51.730 | DEBUG    | core.video_processor:_evict_cache_if_needed:53 - Evicted frame 4186 from cache
2025-11-12 23:36:51.782 | DEBUG    | core.video_processor:_evict_cache_if_needed:53 - Evicted frame 4187 from cache
2025-11-12 23:36:51.835 | DEBUG    | core.video_processor:_evict_cache_if_needed:53 - Evicted frame 4188 from cache
2025-11-12 23:36:51.888 | DEBUG    | core.video_processor:_evict_cache_if_needed:53 - Evicted frame 4189 from cache
2025-11-12 23:36:51.944 | DEBUG    | core.video_processor:_evict_cache_if_needed:53 - Evicted frame 4190 from cache
2025-11-12 23:36:52.000 | DEBUG    | core.video_processor:_evict_cache_if_needed:53 - Evicted frame 4191 from cache
2025-11-12 23:36:52.058 | DEBUG    | core.video_processor:_evict_cache_if_needed:53 - Evicted frame 4192 from cache
2025-11-12 23:36:52.114 | DEBUG    | core.video_processor:_evict_cache_if_needed:53 - Evicted frame 4193 from cache
2025-11-12 23:36:52.171 | DEBUG    | core.video_processor:_evict_cache_if_needed:53 - Evicted frame 4194 from cache
2025-11-12 23:36:52.230 | DEBUG    | core.video_processor:_evict_cache_if_needed:53 - Evicted frame 4195 from cache
2025-11-12 23:36:52.287 | DEBUG    | core.video_processor:_evict_cache_if_needed:53 - Evicted frame 4196 from cache
2025-11-12 23:36:52.348 | DEBUG    | core.video_processor:_evict_cache_if_needed:53 - Evicted frame 4197 from cache
2025-11-12 23:36:52.408 | DEBUG    | core.video_processor:_evict_cache_if_needed:53 - Evicted frame 4198 from cache
2025-11-12 23:36:52.469 | DEBUG    | core.video_processor:_evict_cache_if_needed:53 - Evicted frame 4199 from cache
2025-11-12 23:36:52.532 | DEBUG    | core.video_processor:_evict_cache_if_needed:53 - Evicted frame 4200 from cache
2025-11-12 23:36:52.593 | DEBUG    | core.video_processor:_evict_cache_if_needed:53 - Evicted frame 4201 from cache
2025-11-12 23:36:52.655 | DEBUG    | core.video_processor:_evict_cache_if_needed:53 - Evicted frame 4202 from cache
2025-11-12 23:36:52.717 | DEBUG    | core.video_processor:_evict_cache_if_needed:53 - Evicted frame 4203 from cache
2025-11-12 23:36:52.781 | DEBUG    | core.video_processor:_evict_cache_if_needed:53 - Evicted frame 4204 from cache
2025-11-12 23:36:52.846 | DEBUG    | core.video_processor:_evict_cache_if_needed:53 - Evicted frame 4205 from cache
2025-11-12 23:36:52.909 | DEBUG    | core.video_processor:_evict_cache_if_needed:53 - Evicted frame 4206 from cache
2025-11-12 23:36:52.975 | DEBUG    | core.video_processor:_evict_cache_if_needed:53 - Evicted frame 4207 from cache
2025-11-12 23:36:53.055 | DEBUG    | core.video_processor:_evict_cache_if_needed:53 - Evicted frame 4208 from cache
2025-11-12 23:36:53.143 | DEBUG    | core.video_processor:_evict_cache_if_needed:53 - Evicted frame 4209 from cache
2025-11-12 23:36:53.210 | DEBUG    | core.video_processor:_evict_cache_if_needed:53 - Evicted frame 4210 from cache
2025-11-12 23:36:53.280 | DEBUG    | core.video_processor:_evict_cache_if_needed:53 - Evicted frame 4211 from cache
2025-11-12 23:36:53.348 | DEBUG    | core.video_processor:_evict_cache_if_needed:53 - Evicted frame 4212 from cache
2025-11-12 23:36:53.414 | DEBUG    | core.video_processor:_evict_cache_if_needed:53 - Evicted frame 4213 from cache
2025-11-12 23:36:53.485 | DEBUG    | core.video_processor:_evict_cache_if_needed:53 - Evicted frame 4214 from cache
2025-11-12 23:36:53.559 | DEBUG    | core.video_processor:_evict_cache_if_needed:53 - Evicted frame 4215 from cache
2025-11-12 23:36:53.631 | DEBUG    | core.video_processor:_evict_cache_if_needed:53 - Evicted frame 4216 from cache
2025-11-12 23:36:53.704 | DEBUG    | core.video_processor:_evict_cache_if_needed:53 - Evicted frame 4217 from cache
2025-11-12 23:36:53.778 | DEBUG    | core.video_processor:_evict_cache_if_needed:53 - Evicted frame 4218 from cache
2025-11-12 23:36:53.854 | DEBUG    | core.video_processor:_evict_cache_if_needed:53 - Evicted frame 4219 from cache
2025-11-12 23:36:53.930 | DEBUG    | core.video_processor:_evict_cache_if_needed:53 - Evicted frame 4220 from cache
2025-11-12 23:36:54.008 | DEBUG    | core.video_processor:_evict_cache_if_needed:53 - Evicted frame 4221 from cache
2025-11-12 23:36:54.091 | DEBUG    | core.video_processor:_evict_cache_if_needed:53 - Evicted frame 4222 from cache
2025-11-12 23:36:54.168 | DEBUG    | core.video_processor:_evict_cache_if_needed:53 - Evicted frame 4223 from cache
2025-11-12 23:36:54.247 | DEBUG    | core.video_processor:_evict_cache_if_needed:53 - Evicted frame 4224 from cache
2025-11-12 23:36:54.325 | DEBUG    | core.video_processor:_evict_cache_if_needed:53 - Evicted frame 4225 from cache
2025-11-12 23:36:54.402 | DEBUG    | core.video_processor:_evict_cache_if_needed:53 - Evicted frame 4226 from cache
2025-11-12 23:36:54.485 | DEBUG    | core.video_processor:_evict_cache_if_needed:53 - Evicted frame 4227 from cache
2025-11-12 23:36:54.566 | DEBUG    | core.video_processor:_evict_cache_if_needed:53 - Evicted frame 4228 from cache
2025-11-12 23:36:54.651 | DEBUG    | core.video_processor:_evict_cache_if_needed:53 - Evicted frame 4229 from cache
2025-11-12 23:36:54.739 | DEBUG    | core.video_processor:_evict_cache_if_needed:53 - Evicted frame 4230 from cache
2025-11-12 23:36:54.823 | DEBUG    | core.video_processor:_evict_cache_if_needed:53 - Evicted frame 4231 from cache
2025-11-12 23:36:54.907 | DEBUG    | core.video_processor:_evict_cache_if_needed:53 - Evicted frame 4232 from cache
2025-11-12 23:36:54.992 | DEBUG    | core.video_processor:_evict_cache_if_needed:53 - Evicted frame 4233 from cache
2025-11-12 23:36:55.075 | DEBUG    | core.video_processor:_evict_cache_if_needed:53 - Evicted frame 4234 from cache
2025-11-12 23:36:55.158 | DEBUG    | core.video_processor:_evict_cache_if_needed:53 - Evicted frame 4235 from cache
2025-11-12 23:36:55.242 | DEBUG    | core.video_processor:_evict_cache_if_needed:53 - Evicted frame 4236 from cache
2025-11-12 23:36:55.327 | DEBUG    | core.video_processor:_evict_cache_if_needed:53 - Evicted frame 4237 from cache
2025-11-12 23:36:55.414 | DEBUG    | core.video_processor:_evict_cache_if_needed:53 - Evicted frame 4238 from cache
2025-11-12 23:36:55.505 | DEBUG    | core.video_processor:_evict_cache_if_needed:53 - Evicted frame 4239 from cache
2025-11-12 23:36:55.590 | DEBUG    | core.video_processor:_evict_cache_if_needed:53 - Evicted frame 4240 from cache
2025-11-12 23:36:55.678 | DEBUG    | core.video_processor:_evict_cache_if_needed:53 - Evicted frame 4241 from cache
2025-11-12 23:36:55.766 | DEBUG    | core.video_processor:_evict_cache_if_needed:53 - Evicted frame 4242 from cache
2025-11-12 23:36:55.856 | DEBUG    | core.video_processor:_evict_cache_if_needed:53 - Evicted frame 4243 from cache
2025-11-12 23:36:55.944 | DEBUG    | core.video_processor:_evict_cache_if_needed:53 - Evicted frame 4244 from cache
2025-11-12 23:36:56.034 | DEBUG    | core.video_processor:_evict_cache_if_needed:53 - Evicted frame 4245 from cache
2025-11-12 23:36:56.125 | DEBUG    | core.video_processor:_evict_cache_if_needed:53 - Evicted frame 4246 from cache
2025-11-12 23:36:56.217 | DEBUG    | core.video_processor:_evict_cache_if_needed:53 - Evicted frame 4247 from cache
2025-11-12 23:36:56.311 | DEBUG    | core.video_processor:_evict_cache_if_needed:53 - Evicted frame 4248 from cache
2025-11-12 23:36:56.401 | DEBUG    | core.video_processor:_evict_cache_if_needed:53 - Evicted frame 4249 from cache
2025-11-12 23:36:56.496 | DEBUG    | core.video_processor:_evict_cache_if_needed:53 - Evicted frame 4250 from cache
2025-11-12 23:36:56.594 | DEBUG    | core.video_processor:_evict_cache_if_needed:53 - Evicted frame 4251 from cache
2025-11-12 23:36:56.689 | DEBUG    | core.video_processor:_evict_cache_if_needed:53 - Evicted frame 4252 from cache
2025-11-12 23:36:56.783 | DEBUG    | core.video_processor:_evict_cache_if_needed:53 - Evicted frame 4253 from cache
2025-11-12 23:36:56.880 | DEBUG    | core.video_processor:_evict_cache_if_needed:53 - Evicted frame 4254 from cache
2025-11-12 23:36:56.983 | DEBUG    | core.video_processor:_evict_cache_if_needed:53 - Evicted frame 4255 from cache
2025-11-12 23:36:57.093 | DEBUG    | core.video_processor:_evict_cache_if_needed:53 - Evicted frame 4256 from cache
2025-11-12 23:36:57.213 | DEBUG    | core.video_processor:_evict_cache_if_needed:53 - Evicted frame 4257 from cache
2025-11-12 23:36:57.312 | DEBUG    | core.video_processor:_evict_cache_if_needed:53 - Evicted frame 4258 from cache
2025-11-12 23:36:57.413 | DEBUG    | core.video_processor:_evict_cache_if_needed:53 - Evicted frame 4259 from cache
2025-11-12 23:36:57.513 | DEBUG    | core.video_processor:_evict_cache_if_needed:53 - Evicted frame 4260 from cache
2025-11-12 23:36:57.617 | DEBUG    | core.video_processor:_evict_cache_if_needed:53 - Evicted frame 4261 from cache
2025-11-12 23:36:57.716 | DEBUG    | core.video_processor:_evict_cache_if_needed:53 - Evicted frame 4262 from cache
2025-11-12 23:36:57.819 | DEBUG    | core.video_processor:_evict_cache_if_needed:53 - Evicted frame 4263 from cache
2025-11-12 23:36:57.920 | DEBUG    | core.video_processor:_evict_cache_if_needed:53 - Evicted frame 4264 from cache
2025-11-12 23:36:58.024 | DEBUG    | core.video_processor:_evict_cache_if_needed:53 - Evicted frame 4265 from cache
2025-11-12 23:36:58.129 | DEBUG    | core.video_processor:_evict_cache_if_needed:53 - Evicted frame 4266 from cache
2025-11-12 23:36:58.233 | DEBUG    | core.video_processor:_evict_cache_if_needed:53 - Evicted frame 4267 from cache
2025-11-12 23:36:58.341 | DEBUG    | core.video_processor:_evict_cache_if_needed:53 - Evicted frame 4268 from cache
2025-11-12 23:36:58.447 | DEBUG    | core.video_processor:_evict_cache_if_needed:53 - Evicted frame 4269 from cache
2025-11-12 23:36:58.560 | DEBUG    | core.video_processor:_evict_cache_if_needed:53 - Evicted frame 4270 from cache
2025-11-12 23:36:58.669 | DEBUG    | core.video_processor:_evict_cache_if_needed:53 - Evicted frame 4271 from cache
2025-11-12 23:36:58.778 | DEBUG    | core.video_processor:_evict_cache_if_needed:53 - Evicted frame 4272 from cache
2025-11-12 23:36:58.893 | DEBUG    | core.video_processor:_evict_cache_if_needed:53 - Evicted frame 4273 from cache
2025-11-12 23:36:59.001 | DEBUG    | core.video_processor:_evict_cache_if_needed:53 - Evicted frame 4274 from cache
2025-11-12 23:36:59.116 | DEBUG    | core.video_processor:_evict_cache_if_needed:53 - Evicted frame 4275 from cache
2025-11-12 23:36:59.227 | DEBUG    | core.video_processor:_evict_cache_if_needed:53 - Evicted frame 4276 from cache
2025-11-12 23:36:59.339 | DEBUG    | core.video_processor:_evict_cache_if_needed:53 - Evicted frame 4277 from cache
2025-11-12 23:36:59.450 | DEBUG    | core.video_processor:_evict_cache_if_needed:53 - Evicted frame 4278 from cache
2025-11-12 23:36:59.561 | DEBUG    | core.video_processor:_evict_cache_if_needed:53 - Evicted frame 4279 from cache
2025-11-12 23:36:59.676 | DEBUG    | core.video_processor:_evict_cache_if_needed:53 - Evicted frame 4280 from cache
2025-11-12 23:36:59.791 | DEBUG    | core.video_processor:_evict_cache_if_needed:53 - Evicted frame 4281 from cache
2025-11-12 23:36:59.908 | DEBUG    | core.video_processor:_evict_cache_if_needed:53 - Evicted frame 4282 from cache
2025-11-12 23:37:00.026 | DEBUG    | core.video_processor:_evict_cache_if_needed:53 - Evicted frame 4283 from cache
2025-11-12 23:37:00.148 | DEBUG    | core.video_processor:_evict_cache_if_needed:53 - Evicted frame 4284 from cache
2025-11-12 23:37:00.264 | DEBUG    | core.video_processor:_evict_cache_if_needed:53 - Evicted frame 4285 from cache
2025-11-12 23:37:00.384 | DEBUG    | core.video_processor:_evict_cache_if_needed:53 - Evicted frame 4286 from cache
2025-11-12 23:37:00.503 | DEBUG    | core.video_processor:_evict_cache_if_needed:53 - Evicted frame 4287 from cache
2025-11-12 23:37:00.622 | DEBUG    | core.video_processor:_evict_cache_if_needed:53 - Evicted frame 4288 from cache
2025-11-12 23:37:00.744 | DEBUG    | core.video_processor:_evict_cache_if_needed:53 - Evicted frame 4289 from cache
2025-11-12 23:37:00.866 | DEBUG    | core.video_processor:_evict_cache_if_needed:53 - Evicted frame 4290 from cache
2025-11-12 23:37:00.987 | DEBUG    | core.video_processor:_evict_cache_if_needed:53 - Evicted frame 4291 from cache
2025-11-12 23:37:01.109 | DEBUG    | core.video_processor:_evict_cache_if_needed:53 - Evicted frame 4292 from cache
2025-11-12 23:37:01.228 | DEBUG    | core.video_processor:_evict_cache_if_needed:53 - Evicted frame 4293 from cache
2025-11-12 23:37:01.352 | DEBUG    | core.video_processor:_evict_cache_if_needed:53 - Evicted frame 4294 from cache
2025-11-12 23:37:01.477 | DEBUG    | core.video_processor:_evict_cache_if_needed:53 - Evicted frame 4295 from cache
2025-11-12 23:37:01.624 | DEBUG    | core.video_processor:_evict_cache_if_needed:53 - Evicted frame 4296 from cache
2025-11-12 23:37:01.755 | DEBUG    | core.video_processor:_evict_cache_if_needed:53 - Evicted frame 4297 from cache
2025-11-12 23:37:01.883 | DEBUG    | core.video_processor:_evict_cache_if_needed:53 - Evicted frame 4298 from cache
2025-11-12 23:37:02.008 | DEBUG    | core.video_processor:_evict_cache_if_needed:53 - Evicted frame 4299 from cache
2025-11-12 23:37:02.136 | DEBUG    | core.video_processor:_evict_cache_if_needed:53 - Evicted frame 4300 from cache
2025-11-12 23:37:02.263 | DEBUG    | core.video_processor:_evict_cache_if_needed:53 - Evicted frame 4301 from cache
2025-11-12 23:37:02.392 | DEBUG    | core.video_processor:_evict_cache_if_needed:53 - Evicted frame 4302 from cache
2025-11-12 23:37:02.521 | DEBUG    | core.video_processor:_evict_cache_if_needed:53 - Evicted frame 4303 from cache
2025-11-12 23:37:02.649 | DEBUG    | core.video_processor:_evict_cache_if_needed:53 - Evicted frame 4304 from cache
2025-11-12 23:37:02.782 | DEBUG    | core.video_processor:_evict_cache_if_needed:53 - Evicted frame 4305 from cache
2025-11-12 23:37:02.913 | DEBUG    | core.video_processor:_evict_cache_if_needed:53 - Evicted frame 4306 from cache
2025-11-12 23:37:03.043 | DEBUG    | core.video_processor:_evict_cache_if_needed:53 - Evicted frame 4307 from cache
2025-11-12 23:37:03.177 | DEBUG    | core.video_processor:_evict_cache_if_needed:53 - Evicted frame 4308 from cache
2025-11-12 23:37:03.309 | DEBUG    | core.video_processor:_evict_cache_if_needed:53 - Evicted frame 4309 from cache
2025-11-12 23:37:03.448 | DEBUG    | core.video_processor:_evict_cache_if_needed:53 - Evicted frame 4310 from cache
2025-11-12 23:37:03.583 | DEBUG    | core.video_processor:_evict_cache_if_needed:53 - Evicted frame 4311 from cache
2025-11-12 23:37:03.719 | DEBUG    | core.video_processor:_evict_cache_if_needed:53 - Evicted frame 4312 from cache
2025-11-12 23:37:03.855 | DEBUG    | core.video_processor:_evict_cache_if_needed:53 - Evicted frame 4313 from cache
2025-11-12 23:37:03.996 | DEBUG    | core.video_processor:_evict_cache_if_needed:53 - Evicted frame 4314 from cache
2025-11-12 23:37:04.133 | DEBUG    | core.video_processor:_evict_cache_if_needed:53 - Evicted frame 4315 from cache
2025-11-12 23:37:04.273 | DEBUG    | core.video_processor:_evict_cache_if_needed:53 - Evicted frame 4316 from cache
2025-11-12 23:37:04.410 | DEBUG    | core.video_processor:_evict_cache_if_needed:53 - Evicted frame 4317 from cache
2025-11-12 23:37:04.547 | DEBUG    | core.video_processor:_evict_cache_if_needed:53 - Evicted frame 4318 from cache
2025-11-12 23:37:04.690 | DEBUG    | core.video_processor:_evict_cache_if_needed:53 - Evicted frame 4319 from cache
2025-11-12 23:37:04.831 | DEBUG    | core.video_processor:_evict_cache_if_needed:53 - Evicted frame 4320 from cache
2025-11-12 23:37:04.975 | DEBUG    | core.video_processor:_evict_cache_if_needed:53 - Evicted frame 4321 from cache
2025-11-12 23:37:05.114 | DEBUG    | core.video_processor:_evict_cache_if_needed:53 - Evicted frame 4322 from cache
2025-11-12 23:37:05.261 | DEBUG    | core.video_processor:_evict_cache_if_needed:53 - Evicted frame 4323 from cache
2025-11-12 23:37:05.401 | DEBUG    | core.video_processor:_evict_cache_if_needed:53 - Evicted frame 4324 from cache
2025-11-12 23:37:05.544 | DEBUG    | core.video_processor:_evict_cache_if_needed:53 - Evicted frame 4325 from cache
2025-11-12 23:37:05.689 | DEBUG    | core.video_processor:_evict_cache_if_needed:53 - Evicted frame 4326 from cache
2025-11-12 23:37:05.835 | DEBUG    | core.video_processor:_evict_cache_if_needed:53 - Evicted frame 4327 from cache
2025-11-12 23:37:05.978 | DEBUG    | core.video_processor:_evict_cache_if_needed:53 - Evicted frame 4328 from cache
2025-11-12 23:37:06.122 | DEBUG    | core.video_processor:_evict_cache_if_needed:53 - Evicted frame 4329 from cache
2025-11-12 23:37:06.277 | DEBUG    | core.video_processor:_evict_cache_if_needed:53 - Evicted frame 4330 from cache
2025-11-12 23:37:06.426 | DEBUG    | core.video_processor:_evict_cache_if_needed:53 - Evicted frame 4331 from cache
2025-11-12 23:37:06.576 | DEBUG    | core.video_processor:_evict_cache_if_needed:53 - Evicted frame 4332 from cache
2025-11-12 23:37:06.732 | DEBUG    | core.video_processor:_evict_cache_if_needed:53 - Evicted frame 4333 from cache
2025-11-12 23:37:06.883 | DEBUG    | core.video_processor:_evict_cache_if_needed:53 - Evicted frame 4334 from cache
2025-11-12 23:37:07.033 | DEBUG    | core.video_processor:_evict_cache_if_needed:53 - Evicted frame 4335 from cache
2025-11-12 23:37:07.183 | DEBUG    | core.video_processor:_evict_cache_if_needed:53 - Evicted frame 4336 from cache
2025-11-12 23:37:07.342 | DEBUG    | core.video_processor:_evict_cache_if_needed:53 - Evicted frame 4337 from cache
2025-11-12 23:37:07.493 | DEBUG    | core.video_processor:_evict_cache_if_needed:53 - Evicted frame 4338 from cache
2025-11-12 23:37:07.647 | DEBUG    | core.video_processor:_evict_cache_if_needed:53 - Evicted frame 4339 from cache
2025-11-12 23:37:07.804 | DEBUG    | core.video_processor:_evict_cache_if_needed:53 - Evicted frame 4340 from cache
2025-11-12 23:37:07.964 | DEBUG    | core.video_processor:_evict_cache_if_needed:53 - Evicted frame 4341 from cache
2025-11-12 23:37:08.122 | DEBUG    | core.video_processor:_evict_cache_if_needed:53 - Evicted frame 4342 from cache
2025-11-12 23:37:08.276 | DEBUG    | core.video_processor:_evict_cache_if_needed:53 - Evicted frame 4343 from cache
2025-11-12 23:37:08.440 | DEBUG    | core.video_processor:_evict_cache_if_needed:53 - Evicted frame 4344 from cache
2025-11-12 23:37:08.600 | DEBUG    | core.video_processor:_evict_cache_if_needed:53 - Evicted frame 4345 from cache
2025-11-12 23:37:08.760 | DEBUG    | core.video_processor:_evict_cache_if_needed:53 - Evicted frame 4346 from cache
2025-11-12 23:37:08.919 | DEBUG    | core.video_processor:_evict_cache_if_needed:53 - Evicted frame 4347 from cache
2025-11-12 23:37:09.082 | DEBUG    | core.video_processor:_evict_cache_if_needed:53 - Evicted frame 4348 from cache
2025-11-12 23:37:09.245 | DEBUG    | core.video_processor:_evict_cache_if_needed:53 - Evicted frame 4349 from cache
2025-11-12 23:37:09.415 | DEBUG    | core.video_processor:_evict_cache_if_needed:53 - Evicted frame 4350 from cache
2025-11-12 23:37:09.577 | DEBUG    | core.video_processor:_evict_cache_if_needed:53 - Evicted frame 4351 from cache
2025-11-12 23:37:09.744 | DEBUG    | core.video_processor:_evict_cache_if_needed:53 - Evicted frame 4352 from cache
2025-11-12 23:37:09.907 | DEBUG    | core.video_processor:_evict_cache_if_needed:53 - Evicted frame 4353 from cache
2025-11-12 23:37:10.068 | DEBUG    | core.video_processor:_evict_cache_if_needed:53 - Evicted frame 4354 from cache
2025-11-12 23:37:10.232 | DEBUG    | core.video_processor:_evict_cache_if_needed:53 - Evicted frame 4355 from cache
2025-11-12 23:37:10.397 | DEBUG    | core.video_processor:_evict_cache_if_needed:53 - Evicted frame 4356 from cache
2025-11-12 23:37:10.559 | DEBUG    | core.video_processor:_evict_cache_if_needed:53 - Evicted frame 4357 from cache
2025-11-12 23:37:10.719 | DEBUG    | core.video_processor:_evict_cache_if_needed:53 - Evicted frame 4358 from cache
2025-11-12 23:37:10.897 | DEBUG    | core.video_processor:_evict_cache_if_needed:53 - Evicted frame 4359 from cache
2025-11-12 23:37:11.069 | DEBUG    | core.video_processor:_evict_cache_if_needed:53 - Evicted frame 4360 from cache
2025-11-12 23:37:11.235 | DEBUG    | core.video_processor:_evict_cache_if_needed:53 - Evicted frame 4361 from cache
2025-11-12 23:37:11.406 | DEBUG    | core.video_processor:_evict_cache_if_needed:53 - Evicted frame 4362 from cache
2025-11-12 23:37:11.573 | DEBUG    | core.video_processor:_evict_cache_if_needed:53 - Evicted frame 4363 from cache
2025-11-12 23:37:11.740 | DEBUG    | core.video_processor:_evict_cache_if_needed:53 - Evicted frame 4364 from cache
2025-11-12 23:37:11.916 | DEBUG    | core.video_processor:_evict_cache_if_needed:53 - Evicted frame 4365 from cache
2025-11-12 23:37:12.085 | DEBUG    | core.video_processor:_evict_cache_if_needed:53 - Evicted frame 4366 from cache
2025-11-12 23:37:12.257 | DEBUG    | core.video_processor:_evict_cache_if_needed:53 - Evicted frame 4367 from cache
2025-11-12 23:37:12.432 | DEBUG    | core.video_processor:_evict_cache_if_needed:53 - Evicted frame 4368 from cache
2025-11-12 23:37:12.605 | DEBUG    | core.video_processor:_evict_cache_if_needed:53 - Evicted frame 4369 from cache
2025-11-12 23:37:12.777 | DEBUG    | core.video_processor:_evict_cache_if_needed:53 - Evicted frame 4370 from cache
2025-11-12 23:37:12.948 | DEBUG    | core.video_processor:_evict_cache_if_needed:53 - Evicted frame 4371 from cache
2025-11-12 23:37:13.125 | DEBUG    | core.video_processor:_evict_cache_if_needed:53 - Evicted frame 4372 from cache
2025-11-12 23:37:13.301 | DEBUG    | core.video_processor:_evict_cache_if_needed:53 - Evicted frame 4373 from cache
2025-11-12 23:37:13.477 | DEBUG    | core.video_processor:_evict_cache_if_needed:53 - Evicted frame 4374 from cache
2025-11-12 23:37:13.652 | DEBUG    | core.video_processor:_evict_cache_if_needed:53 - Evicted frame 4375 from cache
2025-11-12 23:37:13.825 | DEBUG    | core.video_processor:_evict_cache_if_needed:53 - Evicted frame 4376 from cache
2025-11-12 23:37:14.012 | DEBUG    | core.video_processor:_evict_cache_if_needed:53 - Evicted frame 4377 from cache
2025-11-12 23:37:14.190 | DEBUG    | core.video_processor:_evict_cache_if_needed:53 - Evicted frame 4378 from cache
2025-11-12 23:37:14.374 | DEBUG    | core.video_processor:_evict_cache_if_needed:53 - Evicted frame 4379 from cache
2025-11-12 23:37:14.555 | DEBUG    | core.video_processor:_evict_cache_if_needed:53 - Evicted frame 4380 from cache
2025-11-12 23:37:14.732 | DEBUG    | core.video_processor:_evict_cache_if_needed:53 - Evicted frame 4381 from cache
2025-11-12 23:37:14.926 | DEBUG    | core.video_processor:_evict_cache_if_needed:53 - Evicted frame 4382 from cache
2025-11-12 23:37:15.111 | DEBUG    | core.video_processor:_evict_cache_if_needed:53 - Evicted frame 4383 from cache
2025-11-12 23:37:15.322 | DEBUG    | core.video_processor:_evict_cache_if_needed:53 - Evicted frame 4384 from cache
2025-11-12 23:37:15.520 | DEBUG    | core.video_processor:_evict_cache_if_needed:53 - Evicted frame 4385 from cache
2025-11-12 23:37:15.737 | DEBUG    | core.video_processor:_evict_cache_if_needed:53 - Evicted frame 4386 from cache
2025-11-12 23:37:15.933 | DEBUG    | core.video_processor:_evict_cache_if_needed:53 - Evicted frame 4387 from cache
2025-11-12 23:37:16.140 | DEBUG    | core.video_processor:_evict_cache_if_needed:53 - Evicted frame 4388 from cache
2025-11-12 23:37:16.353 | DEBUG    | core.video_processor:_evict_cache_if_needed:53 - Evicted frame 4389 from cache
2025-11-12 23:37:16.573 | DEBUG    | core.video_processor:_evict_cache_if_needed:53 - Evicted frame 4390 from cache
2025-11-12 23:37:16.793 | DEBUG    | core.video_processor:_evict_cache_if_needed:53 - Evicted frame 4391 from cache
2025-11-12 23:37:17.017 | DEBUG    | core.video_processor:_evict_cache_if_needed:53 - Evicted frame 4392 from cache
2025-11-12 23:37:17.226 | DEBUG    | core.video_processor:_evict_cache_if_needed:53 - Evicted frame 4393 from cache
2025-11-12 23:37:17.427 | DEBUG    | core.video_processor:_evict_cache_if_needed:53 - Evicted frame 4394 from cache
2025-11-12 23:37:17.632 | DEBUG    | core.video_processor:_evict_cache_if_needed:53 - Evicted frame 4395 from cache
2025-11-12 23:37:17.835 | DEBUG    | core.video_processor:_evict_cache_if_needed:53 - Evicted frame 4396 from cache
2025-11-12 23:37:18.039 | DEBUG    | core.video_processor:_evict_cache_if_needed:53 - Evicted frame 4397 from cache
2025-11-12 23:37:18.244 | DEBUG    | core.video_processor:_evict_cache_if_needed:53 - Evicted frame 4398 from cache
2025-11-12 23:37:18.452 | DEBUG    | core.video_processor:_evict_cache_if_needed:53 - Evicted frame 4399 from cache
2025-11-12 23:37:18.684 | DEBUG    | core.video_processor:_evict_cache_if_needed:53 - Evicted frame 4400 from cache
2025-11-12 23:37:18.888 | DEBUG    | core.video_processor:_evict_cache_if_needed:53 - Evicted frame 4401 from cache
2025-11-12 23:37:19.097 | DEBUG    | core.video_processor:_evict_cache_if_needed:53 - Evicted frame 4402 from cache
2025-11-12 23:37:19.324 | DEBUG    | core.video_processor:_evict_cache_if_needed:53 - Evicted frame 4403 from cache
2025-11-12 23:37:19.535 | DEBUG    | core.video_processor:_evict_cache_if_needed:53 - Evicted frame 4404 from cache
2025-11-12 23:37:19.747 | DEBUG    | core.video_processor:_evict_cache_if_needed:53 - Evicted frame 4405 from cache
2025-11-12 23:37:19.956 | DEBUG    | core.video_processor:_evict_cache_if_needed:53 - Evicted frame 4406 from cache
2025-11-12 23:37:20.184 | DEBUG    | core.video_processor:_evict_cache_if_needed:53 - Evicted frame 4407 from cache
2025-11-12 23:37:20.394 | DEBUG    | core.video_processor:_evict_cache_if_needed:53 - Evicted frame 4408 from cache
2025-11-12 23:37:20.613 | DEBUG    | core.video_processor:_evict_cache_if_needed:53 - Evicted frame 4409 from cache
2025-11-12 23:37:20.826 | DEBUG    | core.video_processor:_evict_cache_if_needed:53 - Evicted frame 4410 from cache
2025-11-12 23:37:21.041 | DEBUG    | core.video_processor:_evict_cache_if_needed:53 - Evicted frame 4411 from cache
2025-11-12 23:37:21.261 | DEBUG    | core.video_processor:_evict_cache_if_needed:53 - Evicted frame 4412 from cache
2025-11-12 23:37:21.492 | DEBUG    | core.video_processor:_evict_cache_if_needed:53 - Evicted frame 4413 from cache
2025-11-12 23:37:21.718 | DEBUG    | core.video_processor:_evict_cache_if_needed:53 - Evicted frame 4414 from cache
2025-11-12 23:37:21.935 | DEBUG    | core.video_processor:_evict_cache_if_needed:53 - Evicted frame 4415 from cache
2025-11-12 23:37:21.978 | DEBUG    | core.video_processor:_evict_cache_if_needed:53 - Evicted frame 4416 from cache
2025-11-12 23:37:22.021 | DEBUG    | core.video_processor:_evict_cache_if_needed:53 - Evicted frame 4417 from cache
2025-11-12 23:37:22.064 | DEBUG    | core.video_processor:_evict_cache_if_needed:53 - Evicted frame 4418 from cache
2025-11-12 23:37:22.109 | DEBUG    | core.video_processor:_evict_cache_if_needed:53 - Evicted frame 4419 from cache
2025-11-12 23:37:22.154 | DEBUG    | core.video_processor:_evict_cache_if_needed:53 - Evicted frame 4420 from cache
2025-11-12 23:37:22.200 | DEBUG    | core.video_processor:_evict_cache_if_needed:53 - Evicted frame 4421 from cache
2025-11-12 23:37:22.245 | DEBUG    | core.video_processor:_evict_cache_if_needed:53 - Evicted frame 4422 from cache
2025-11-12 23:37:22.290 | DEBUG    | core.video_processor:_evict_cache_if_needed:53 - Evicted frame 4423 from cache
2025-11-12 23:37:22.338 | DEBUG    | core.video_processor:_evict_cache_if_needed:53 - Evicted frame 4424 from cache
2025-11-12 23:37:22.347 | INFO     | core.annotation_manager:start_action:38 - Action started: Serve at frame 4524
2025-11-12 23:37:22.396 | DEBUG    | core.video_processor:_evict_cache_if_needed:53 - Evicted frame 4425 from cache
2025-11-12 23:37:22.443 | DEBUG    | core.video_processor:_evict_cache_if_needed:53 - Evicted frame 4426 from cache
2025-11-12 23:37:22.494 | DEBUG    | core.video_processor:_evict_cache_if_needed:53 - Evicted frame 4427 from cache
2025-11-12 23:37:22.543 | DEBUG    | core.video_processor:_evict_cache_if_needed:53 - Evicted frame 4428 from cache
2025-11-12 23:37:22.594 | DEBUG    | core.video_processor:_evict_cache_if_needed:53 - Evicted frame 4429 from cache
2025-11-12 23:37:22.647 | DEBUG    | core.video_processor:_evict_cache_if_needed:53 - Evicted frame 4430 from cache
2025-11-12 23:37:22.701 | DEBUG    | core.video_processor:_evict_cache_if_needed:53 - Evicted frame 4431 from cache
2025-11-12 23:37:22.754 | DEBUG    | core.video_processor:_evict_cache_if_needed:53 - Evicted frame 4432 from cache
2025-11-12 23:37:22.807 | DEBUG    | core.video_processor:_evict_cache_if_needed:53 - Evicted frame 4433 from cache
2025-11-12 23:37:22.861 | DEBUG    | core.video_processor:_evict_cache_if_needed:53 - Evicted frame 4434 from cache
2025-11-12 23:37:22.916 | DEBUG    | core.video_processor:_evict_cache_if_needed:53 - Evicted frame 4435 from cache
2025-11-12 23:37:22.971 | DEBUG    | core.video_processor:_evict_cache_if_needed:53 - Evicted frame 4436 from cache
2025-11-12 23:37:23.027 | DEBUG    | core.video_processor:_evict_cache_if_needed:53 - Evicted frame 4437 from cache
2025-11-12 23:37:23.085 | DEBUG    | core.video_processor:_evict_cache_if_needed:53 - Evicted frame 4438 from cache
2025-11-12 23:37:23.143 | DEBUG    | core.video_processor:_evict_cache_if_needed:53 - Evicted frame 4439 from cache
2025-11-12 23:37:23.202 | DEBUG    | core.video_processor:_evict_cache_if_needed:53 - Evicted frame 4440 from cache
2025-11-12 23:37:23.261 | DEBUG    | core.video_processor:_evict_cache_if_needed:53 - Evicted frame 4441 from cache
2025-11-12 23:37:23.320 | DEBUG    | core.video_processor:_evict_cache_if_needed:53 - Evicted frame 4442 from cache
2025-11-12 23:37:23.382 | DEBUG    | core.video_processor:_evict_cache_if_needed:53 - Evicted frame 4443 from cache
2025-11-12 23:37:23.444 | DEBUG    | core.video_processor:_evict_cache_if_needed:53 - Evicted frame 4444 from cache
2025-11-12 23:37:23.506 | DEBUG    | core.video_processor:_evict_cache_if_needed:53 - Evicted frame 4445 from cache
2025-11-12 23:37:23.569 | DEBUG    | core.video_processor:_evict_cache_if_needed:53 - Evicted frame 4446 from cache
2025-11-12 23:37:30.774 | INFO     | core.annotation_manager:end_action:74 - Action completed: Serve | Frames 4524-4540 | Duration: 0.53s
2025-11-12 23:37:38.783 | DEBUG    | core.video_processor:_evict_cache_if_needed:53 - Evicted frame 4447 from cache
2025-11-12 23:37:38.844 | DEBUG    | core.video_processor:_evict_cache_if_needed:53 - Evicted frame 4448 from cache
2025-11-12 23:37:38.911 | DEBUG    | core.video_processor:_evict_cache_if_needed:53 - Evicted frame 4449 from cache
2025-11-12 23:37:38.977 | DEBUG    | core.video_processor:_evict_cache_if_needed:53 - Evicted frame 4450 from cache
2025-11-12 23:37:39.043 | DEBUG    | core.video_processor:_evict_cache_if_needed:53 - Evicted frame 4451 from cache
2025-11-12 23:37:39.110 | DEBUG    | core.video_processor:_evict_cache_if_needed:53 - Evicted frame 4452 from cache
2025-11-12 23:37:39.178 | DEBUG    | core.video_processor:_evict_cache_if_needed:53 - Evicted frame 4453 from cache
2025-11-12 23:37:39.246 | DEBUG    | core.video_processor:_evict_cache_if_needed:53 - Evicted frame 4454 from cache
2025-11-12 23:37:39.313 | DEBUG    | core.video_processor:_evict_cache_if_needed:53 - Evicted frame 4455 from cache
2025-11-12 23:37:39.382 | DEBUG    | core.video_processor:_evict_cache_if_needed:53 - Evicted frame 4456 from cache
2025-11-12 23:37:39.453 | DEBUG    | core.video_processor:_evict_cache_if_needed:53 - Evicted frame 4457 from cache
2025-11-12 23:37:39.522 | DEBUG    | core.video_processor:_evict_cache_if_needed:53 - Evicted frame 4458 from cache
2025-11-12 23:37:39.593 | DEBUG    | core.video_processor:_evict_cache_if_needed:53 - Evicted frame 4459 from cache
2025-11-12 23:37:39.667 | DEBUG    | core.video_processor:_evict_cache_if_needed:53 - Evicted frame 4460 from cache
2025-11-12 23:37:39.740 | DEBUG    | core.video_processor:_evict_cache_if_needed:53 - Evicted frame 4461 from cache
2025-11-12 23:37:39.815 | DEBUG    | core.video_processor:_evict_cache_if_needed:53 - Evicted frame 4462 from cache
2025-11-12 23:37:39.889 | DEBUG    | core.video_processor:_evict_cache_if_needed:53 - Evicted frame 4463 from cache
2025-11-12 23:37:39.961 | DEBUG    | core.video_processor:_evict_cache_if_needed:53 - Evicted frame 4464 from cache
2025-11-12 23:37:40.038 | DEBUG    | core.video_processor:_evict_cache_if_needed:53 - Evicted frame 4465 from cache
2025-11-12 23:37:40.112 | DEBUG    | core.video_processor:_evict_cache_if_needed:53 - Evicted frame 4466 from cache
2025-11-12 23:37:40.188 | DEBUG    | core.video_processor:_evict_cache_if_needed:53 - Evicted frame 4467 from cache
2025-11-12 23:37:40.266 | DEBUG    | core.video_processor:_evict_cache_if_needed:53 - Evicted frame 4468 from cache
2025-11-12 23:37:40.341 | DEBUG    | core.video_processor:_evict_cache_if_needed:53 - Evicted frame 4469 from cache
2025-11-12 23:37:40.422 | DEBUG    | core.video_processor:_evict_cache_if_needed:53 - Evicted frame 4470 from cache
2025-11-12 23:37:40.500 | DEBUG    | core.video_processor:_evict_cache_if_needed:53 - Evicted frame 4471 from cache
2025-11-12 23:37:40.580 | DEBUG    | core.video_processor:_evict_cache_if_needed:53 - Evicted frame 4472 from cache
2025-11-12 23:37:40.660 | DEBUG    | core.video_processor:_evict_cache_if_needed:53 - Evicted frame 4473 from cache
2025-11-12 23:37:40.740 | DEBUG    | core.video_processor:_evict_cache_if_needed:53 - Evicted frame 4474 from cache
2025-11-12 23:37:40.821 | DEBUG    | core.video_processor:_evict_cache_if_needed:53 - Evicted frame 4475 from cache
2025-11-12 23:37:40.905 | DEBUG    | core.video_processor:_evict_cache_if_needed:53 - Evicted frame 4476 from cache
2025-11-12 23:37:40.990 | DEBUG    | core.video_processor:_evict_cache_if_needed:53 - Evicted frame 4477 from cache
2025-11-12 23:37:41.073 | DEBUG    | core.video_processor:_evict_cache_if_needed:53 - Evicted frame 4478 from cache
2025-11-12 23:37:41.154 | DEBUG    | core.video_processor:_evict_cache_if_needed:53 - Evicted frame 4479 from cache
2025-11-12 23:37:41.239 | DEBUG    | core.video_processor:_evict_cache_if_needed:53 - Evicted frame 4480 from cache
2025-11-12 23:37:41.325 | DEBUG    | core.video_processor:_evict_cache_if_needed:53 - Evicted frame 4481 from cache
2025-11-12 23:37:41.413 | DEBUG    | core.video_processor:_evict_cache_if_needed:53 - Evicted frame 4482 from cache
2025-11-12 23:37:41.501 | DEBUG    | core.video_processor:_evict_cache_if_needed:53 - Evicted frame 4483 from cache
2025-11-12 23:37:41.591 | DEBUG    | core.video_processor:_evict_cache_if_needed:53 - Evicted frame 4484 from cache
2025-11-12 23:37:41.678 | DEBUG    | core.video_processor:_evict_cache_if_needed:53 - Evicted frame 4485 from cache
2025-11-12 23:37:41.768 | DEBUG    | core.video_processor:_evict_cache_if_needed:53 - Evicted frame 4486 from cache
2025-11-12 23:37:41.857 | DEBUG    | core.video_processor:_evict_cache_if_needed:53 - Evicted frame 4487 from cache
2025-11-12 23:37:41.945 | DEBUG    | core.video_processor:_evict_cache_if_needed:53 - Evicted frame 4488 from cache
2025-11-12 23:37:42.033 | DEBUG    | core.video_processor:_evict_cache_if_needed:53 - Evicted frame 4489 from cache
2025-11-12 23:37:42.125 | DEBUG    | core.video_processor:_evict_cache_if_needed:53 - Evicted frame 4490 from cache
2025-11-12 23:37:42.219 | DEBUG    | core.video_processor:_evict_cache_if_needed:53 - Evicted frame 4491 from cache
2025-11-12 23:37:42.312 | DEBUG    | core.video_processor:_evict_cache_if_needed:53 - Evicted frame 4492 from cache
2025-11-12 23:37:42.405 | DEBUG    | core.video_processor:_evict_cache_if_needed:53 - Evicted frame 4493 from cache
2025-11-12 23:37:42.506 | DEBUG    | core.video_processor:_evict_cache_if_needed:53 - Evicted frame 4494 from cache
2025-11-12 23:37:42.600 | DEBUG    | core.video_processor:_evict_cache_if_needed:53 - Evicted frame 4495 from cache
2025-11-12 23:37:42.698 | DEBUG    | core.video_processor:_evict_cache_if_needed:53 - Evicted frame 4496 from cache
2025-11-12 23:37:42.798 | DEBUG    | core.video_processor:_evict_cache_if_needed:53 - Evicted frame 4497 from cache
2025-11-12 23:37:42.905 | DEBUG    | core.video_processor:_evict_cache_if_needed:53 - Evicted frame 4498 from cache
2025-11-12 23:37:43.001 | DEBUG    | core.video_processor:_evict_cache_if_needed:53 - Evicted frame 4499 from cache
2025-11-12 23:37:43.110 | DEBUG    | core.video_processor:_evict_cache_if_needed:53 - Evicted frame 4500 from cache
2025-11-12 23:37:43.226 | DEBUG    | core.video_processor:_evict_cache_if_needed:53 - Evicted frame 4501 from cache
2025-11-12 23:37:43.353 | DEBUG    | core.video_processor:_evict_cache_if_needed:53 - Evicted frame 4502 from cache
2025-11-12 23:37:43.451 | DEBUG    | core.video_processor:_evict_cache_if_needed:53 - Evicted frame 4503 from cache
2025-11-12 23:37:43.560 | DEBUG    | core.video_processor:_evict_cache_if_needed:53 - Evicted frame 4504 from cache
2025-11-12 23:37:43.667 | DEBUG    | core.video_processor:_evict_cache_if_needed:53 - Evicted frame 4505 from cache
2025-11-12 23:37:43.783 | DEBUG    | core.video_processor:_evict_cache_if_needed:53 - Evicted frame 4506 from cache
2025-11-12 23:37:43.895 | DEBUG    | core.video_processor:_evict_cache_if_needed:53 - Evicted frame 4507 from cache
2025-11-12 23:37:44.003 | DEBUG    | core.video_processor:_evict_cache_if_needed:53 - Evicted frame 4508 from cache
2025-11-12 23:37:44.123 | DEBUG    | core.video_processor:_evict_cache_if_needed:53 - Evicted frame 4509 from cache
2025-11-12 23:37:44.234 | DEBUG    | core.video_processor:_evict_cache_if_needed:53 - Evicted frame 4510 from cache
2025-11-12 23:37:44.351 | DEBUG    | core.video_processor:_evict_cache_if_needed:53 - Evicted frame 4511 from cache
2025-11-12 23:37:44.465 | DEBUG    | core.video_processor:_evict_cache_if_needed:53 - Evicted frame 4512 from cache
2025-11-12 23:37:44.574 | DEBUG    | core.video_processor:_evict_cache_if_needed:53 - Evicted frame 4513 from cache
2025-11-12 23:37:44.682 | DEBUG    | core.video_processor:_evict_cache_if_needed:53 - Evicted frame 4514 from cache
2025-11-12 23:37:44.791 | DEBUG    | core.video_processor:_evict_cache_if_needed:53 - Evicted frame 4515 from cache
2025-11-12 23:37:44.902 | DEBUG    | core.video_processor:_evict_cache_if_needed:53 - Evicted frame 4516 from cache
2025-11-12 23:37:45.010 | DEBUG    | core.video_processor:_evict_cache_if_needed:53 - Evicted frame 4517 from cache
2025-11-12 23:37:45.116 | DEBUG    | core.video_processor:_evict_cache_if_needed:53 - Evicted frame 4518 from cache
2025-11-12 23:37:45.226 | DEBUG    | core.video_processor:_evict_cache_if_needed:53 - Evicted frame 4519 from cache
2025-11-12 23:37:45.342 | DEBUG    | core.video_processor:_evict_cache_if_needed:53 - Evicted frame 4520 from cache
2025-11-12 23:37:45.454 | DEBUG    | core.video_processor:_evict_cache_if_needed:53 - Evicted frame 4521 from cache
2025-11-12 23:37:45.566 | DEBUG    | core.video_processor:_evict_cache_if_needed:53 - Evicted frame 4522 from cache
2025-11-12 23:37:45.681 | DEBUG    | core.video_processor:_evict_cache_if_needed:53 - Evicted frame 4523 from cache
2025-11-12 23:37:45.794 | DEBUG    | core.video_processor:_evict_cache_if_needed:53 - Evicted frame 4524 from cache
2025-11-12 23:37:45.911 | DEBUG    | core.video_processor:_evict_cache_if_needed:53 - Evicted frame 4525 from cache
2025-11-12 23:37:46.024 | DEBUG    | core.video_processor:_evict_cache_if_needed:53 - Evicted frame 4526 from cache
2025-11-12 23:37:46.144 | DEBUG    | core.video_processor:_evict_cache_if_needed:53 - Evicted frame 4527 from cache
2025-11-12 23:37:46.263 | DEBUG    | core.video_processor:_evict_cache_if_needed:53 - Evicted frame 4528 from cache
2025-11-12 23:37:46.381 | DEBUG    | core.video_processor:_evict_cache_if_needed:53 - Evicted frame 4529 from cache
2025-11-12 23:37:46.498 | DEBUG    | core.video_processor:_evict_cache_if_needed:53 - Evicted frame 4530 from cache
2025-11-12 23:37:46.615 | DEBUG    | core.video_processor:_evict_cache_if_needed:53 - Evicted frame 4531 from cache
2025-11-12 23:37:46.733 | DEBUG    | core.video_processor:_evict_cache_if_needed:53 - Evicted frame 4532 from cache
2025-11-12 23:37:46.856 | DEBUG    | core.video_processor:_evict_cache_if_needed:53 - Evicted frame 4533 from cache
2025-11-12 23:37:46.975 | DEBUG    | core.video_processor:_evict_cache_if_needed:53 - Evicted frame 4534 from cache
2025-11-12 23:37:47.095 | DEBUG    | core.video_processor:_evict_cache_if_needed:53 - Evicted frame 4535 from cache
2025-11-12 23:37:47.220 | DEBUG    | core.video_processor:_evict_cache_if_needed:53 - Evicted frame 4536 from cache
2025-11-12 23:37:47.345 | DEBUG    | core.video_processor:_evict_cache_if_needed:53 - Evicted frame 4537 from cache
2025-11-12 23:37:47.470 | DEBUG    | core.video_processor:_evict_cache_if_needed:53 - Evicted frame 4538 from cache
2025-11-12 23:37:47.596 | DEBUG    | core.video_processor:_evict_cache_if_needed:53 - Evicted frame 4539 from cache
2025-11-12 23:37:47.726 | DEBUG    | core.video_processor:_evict_cache_if_needed:53 - Evicted frame 4540 from cache
2025-11-12 23:37:47.852 | DEBUG    | core.video_processor:_evict_cache_if_needed:53 - Evicted frame 4541 from cache
2025-11-12 23:37:47.977 | DEBUG    | core.video_processor:_evict_cache_if_needed:53 - Evicted frame 4542 from cache
2025-11-12 23:37:48.105 | DEBUG    | core.video_processor:_evict_cache_if_needed:53 - Evicted frame 4543 from cache
2025-11-12 23:37:48.236 | DEBUG    | core.video_processor:_evict_cache_if_needed:53 - Evicted frame 4544 from cache
2025-11-12 23:37:48.368 | DEBUG    | core.video_processor:_evict_cache_if_needed:53 - Evicted frame 4545 from cache
2025-11-12 23:37:48.497 | DEBUG    | core.video_processor:_evict_cache_if_needed:53 - Evicted frame 4546 from cache
2025-11-12 23:37:48.630 | DEBUG    | core.video_processor:_evict_cache_if_needed:53 - Evicted frame 4547 from cache
2025-11-12 23:37:48.759 | DEBUG    | core.video_processor:_evict_cache_if_needed:53 - Evicted frame 4548 from cache
2025-11-12 23:37:48.890 | DEBUG    | core.video_processor:_evict_cache_if_needed:53 - Evicted frame 4549 from cache
2025-11-12 23:37:49.025 | DEBUG    | core.video_processor:_evict_cache_if_needed:53 - Evicted frame 4550 from cache
2025-11-12 23:37:49.153 | DEBUG    | core.video_processor:_evict_cache_if_needed:53 - Evicted frame 4551 from cache
2025-11-12 23:37:49.291 | DEBUG    | core.video_processor:_evict_cache_if_needed:53 - Evicted frame 4552 from cache
2025-11-12 23:37:49.427 | DEBUG    | core.video_processor:_evict_cache_if_needed:53 - Evicted frame 4553 from cache
2025-11-12 23:37:49.562 | DEBUG    | core.video_processor:_evict_cache_if_needed:53 - Evicted frame 4554 from cache
2025-11-12 23:37:49.699 | DEBUG    | core.video_processor:_evict_cache_if_needed:53 - Evicted frame 4555 from cache
2025-11-12 23:37:51.089 | DEBUG    | core.video_processor:_evict_cache_if_needed:53 - Evicted frame 4556 from cache
2025-11-12 23:37:51.226 | DEBUG    | core.video_processor:_evict_cache_if_needed:53 - Evicted frame 4557 from cache
2025-11-12 23:37:51.362 | DEBUG    | core.video_processor:_evict_cache_if_needed:53 - Evicted frame 4558 from cache
2025-11-12 23:37:51.500 | DEBUG    | core.video_processor:_evict_cache_if_needed:53 - Evicted frame 4559 from cache
2025-11-12 23:37:51.637 | DEBUG    | core.video_processor:_evict_cache_if_needed:53 - Evicted frame 4560 from cache
2025-11-12 23:37:56.586 | DEBUG    | core.annotation_manager:add_yolo_box:163 - Box added to frame 4660: class=0
2025-11-12 23:37:56.586 | DEBUG    | ui.main_window:on_box_added:448 - Box added: (0, 0.5775158658204895, 0.507258064516129, 0.02357207615593835, 0.1532258064516129)
2025-11-12 23:38:00.870 | INFO     | core.video_processor:release:159 - Video released: /home/projects/www/vb-soft/vk-upload/output.mp4
2025-11-12 23:38:00.871 | INFO     | ui.main_window:closeEvent:547 - Application closed
2025-11-12 23:38:00.871 | INFO     | __main__:main:125 - Application exiting with code 0
